group,age_months,age_from_3mo,predicted_resting_hr,p05,p25,p50,p75,p95
REF,3.0,0.0,136.83642028355956,125.94346097543969,132.3732868041232,136.83642028355956,141.2995537629959,147.72937959167942
REF,3.0843373493975905,0.08433734939759052,136.74274845614457,125.8497891480247,132.27961497670822,136.74274845614457,141.20588193558092,147.63570776426442
REF,3.1686746987951806,0.1686746987951806,136.64907662872955,125.75611732060968,132.1859431492932,136.64907662872955,141.1122101081659,147.5420359368494
REF,3.253012048192771,0.2530120481927711,136.55540480131455,125.66244549319468,132.0922713218782,136.55540480131455,141.0185382807509,147.4483641094344
REF,3.337349397590361,0.3373493975903612,136.46173297389956,125.56877366577969,131.9985994944632,136.46173297389956,140.9248664533359,147.3546922820194
REF,3.4216867469879517,0.4216867469879517,136.36806114648456,125.4751018383647,131.9049276670482,136.36806114648456,140.83119462592092,147.26102045460442
REF,3.5060240963855422,0.5060240963855422,136.27438931906954,125.38143001094967,131.8112558396332,136.27438931906954,140.7375227985059,147.1673486271894
REF,3.5903614457831328,0.5903614457831328,136.18071749165455,125.28775818353468,131.7175840122182,136.18071749165455,140.6438509710909,147.0736767997744
REF,3.674698795180723,0.6746987951807228,136.08704566423955,125.19408635611968,131.6239121848032,136.08704566423955,140.5501791436759,146.9800049723594
REF,3.759036144578313,0.7590361445783129,135.99337383682453,125.10041452870466,131.53024035738818,135.99337383682453,140.45650731626088,146.8863331449444
REF,3.8433734939759034,0.8433734939759034,135.89970200940954,125.00674270128967,131.4365685299732,135.89970200940954,140.3628354888459,146.7926613175294
REF,3.927710843373494,0.927710843373494,135.80603018199454,124.91307087387467,131.3428967025582,135.80603018199454,140.2691636614309,146.6989894901144
REF,4.0120481927710845,1.0120481927710845,135.71235835457952,124.81939904645965,131.24922487514317,135.71235835457952,140.17549183401587,146.60531766269938
REF,4.096385542168674,1.0963855421686741,135.61868652716453,124.72572721904466,131.15555304772818,135.61868652716453,140.08182000660088,146.51164583528438
REF,4.1807228915662655,1.1807228915662655,135.52501469974953,124.63205539162966,131.06188122031318,135.52501469974953,139.98814817918588,146.4179740078694
REF,4.265060240963855,1.2650602409638552,135.43134287233454,124.53838356421467,130.9682093928982,135.43134287233454,139.8944763517709,146.3243021804544
REF,4.349397590361446,1.3493975903614457,135.33767104491952,124.44471173679965,130.87453756548317,135.33767104491952,139.80080452435587,146.23063035303937
REF,4.433734939759036,1.4337349397590362,135.24399921750452,124.35103990938465,130.78086573806817,135.24399921750452,139.70713269694087,146.13695852562438
REF,4.518072289156626,1.5180722891566258,135.15032739008953,124.25736808196966,130.68719391065318,135.15032739008953,139.61346086952588,146.04328669820939
REF,4.602409638554217,1.6024096385542173,135.0566555626745,124.16369625455464,130.59352208323816,135.0566555626745,139.51978904211086,145.94961487079436
REF,4.686746987951807,1.6867469879518069,134.9629837352595,124.07002442713964,130.49985025582316,134.9629837352595,139.42611721469586,145.85594304337937
REF,4.771084337349397,1.7710843373493974,134.86931190784452,123.97635259972465,130.40617842840817,134.86931190784452,139.33244538728087,145.76227121596438
REF,4.855421686746988,1.855421686746988,134.77564008042953,123.88268077230966,130.31250660099317,134.77564008042953,139.23877355986588,145.66859938854938
REF,4.9397590361445785,1.9397590361445785,134.6819682530145,123.78900894489463,130.21883477357815,134.6819682530145,139.14510173245085,145.57492756113436
REF,5.024096385542169,2.024096385542169,134.5882964255995,123.69533711747964,130.12516294616316,134.5882964255995,139.05142990503586,145.48125573371937
REF,5.108433734939759,2.1084337349397586,134.49462459818452,123.60166529006464,130.03149111874816,134.49462459818452,138.95775807762087,145.38758390630437
REF,5.192771084337349,2.192771084337349,134.4009527707695,123.50799346264962,129.93781929133314,134.4009527707695,138.86408625020584,145.29391207888935
REF,5.27710843373494,2.2771084337349397,134.3072809433545,123.41432163523463,129.84414746391815,134.3072809433545,138.77041442279085,145.20024025147436
REF,5.36144578313253,2.36144578313253,134.2136091159395,123.32064980781963,129.75047563650315,134.2136091159395,138.67674259537586,145.10656842405936
REF,5.445783132530121,2.4457831325301207,134.11993728852448,123.22697798040461,129.65680380908813,134.11993728852448,138.58307076796083,145.01289659664434
REF,5.53012048192771,2.5301204819277103,134.0262654611095,123.13330615298962,129.56313198167314,134.0262654611095,138.48939894054584,144.91922476922934
REF,5.614457831325301,2.614457831325301,133.9325936336945,123.03963432557462,129.46946015425814,133.9325936336945,138.39572711313085,144.82555294181435
REF,5.698795180722891,2.6987951807228914,133.8389218062795,122.94596249815963,129.37578832684315,133.8389218062795,138.30205528571585,144.73188111439936
REF,5.783132530120482,2.783132530120482,133.74524997886448,122.85229067074461,129.28211649942813,133.74524997886448,138.20838345830083,144.63820928698433
REF,5.867469879518072,2.8674698795180724,133.65157815144948,122.75861884332961,129.18844467201313,133.65157815144948,138.11471163088584,144.54453745956934
REF,5.951807228915662,2.951807228915662,133.5579063240345,122.66494701591462,129.09477284459814,133.5579063240345,138.02103980347084,144.45086563215435
REF,6.036144578313253,3.0361445783132526,133.46423449661947,122.5712751884996,129.00110101718312,133.46423449661947,137.92736797605582,144.35719380473932
REF,6.120481927710843,3.120481927710843,133.37056266920447,122.4776033610846,128.90742918976812,133.37056266920447,137.83369614864083,144.26352197732433
REF,6.204819277108434,3.2048192771084336,133.27689084178948,122.38393153366961,128.81375736235313,133.27689084178948,137.74002432122583,144.16985014990934
REF,6.289156626506024,3.289156626506024,133.1832190143745,122.29025970625462,128.72008553493814,133.1832190143745,137.64635249381084,144.07617832249434
REF,6.373493975903614,3.3734939759036138,133.08954718695946,122.1965878788396,128.6264137075231,133.08954718695946,137.55268066639582,143.98250649507932
REF,6.457831325301205,3.457831325301205,132.99587535954447,122.1029160514246,128.53274188010812,132.99587535954447,137.45900883898082,143.88883466766433
REF,6.542168674698795,3.542168674698795,132.90220353212948,122.0092442240096,128.43907005269313,132.90220353212948,137.36533701156583,143.79516284024933
REF,6.626506024096385,3.6265060240963853,132.80853170471445,121.91557239659458,128.3453982252781,132.80853170471445,137.2716651841508,143.7014910128343
REF,6.710843373493976,3.710843373493976,132.71485987729946,121.82190056917959,128.2517263978631,132.71485987729946,137.1779933567358,143.60781918541932
REF,6.7951807228915655,3.7951807228915655,132.62118804988447,121.7282287417646,128.15805457044812,132.62118804988447,137.08432152932082,143.51414735800432
REF,6.879518072289157,3.879518072289157,132.52751622246947,121.6345569143496,128.06438274303312,132.52751622246947,136.99064970190582,143.42047553058933
REF,6.9638554216867465,3.9638554216867465,132.43384439505445,121.54088508693458,127.9707109156181,132.43384439505445,136.8969778744908,143.3268037031743
REF,7.048192771084337,4.048192771084337,132.34017256763946,121.44721325951959,127.8770390882031,132.34017256763946,136.8033060470758,143.2331318757593
REF,7.132530120481928,4.132530120481928,132.24650074022446,121.35354143210459,127.78336726078811,132.24650074022446,136.7096342196608,143.13946004834432
REF,7.216867469879518,4.216867469879518,132.15282891280944,121.25986960468957,127.68969543337309,132.15282891280944,136.6159623922458,143.0457882209293
REF,7.301204819277108,4.301204819277108,132.05915708539445,121.16619777727458,127.5960236059581,132.05915708539445,136.5222905648308,142.9521163935143
REF,7.385542168674698,4.385542168674698,131.96548525797945,121.07252594985958,127.5023517785431,131.96548525797945,136.4286187374158,142.8584445660993
REF,7.469879518072289,4.469879518072289,131.87181343056443,120.97885412244456,127.40867995112808,131.87181343056443,136.33494691000078,142.7647727386843
REF,7.554216867469879,4.554216867469879,131.77814160314944,120.88518229502957,127.31500812371308,131.77814160314944,136.2412750825858,142.6711009112693
REF,7.63855421686747,4.63855421686747,131.68446977573444,120.79151046761457,127.22133629629809,131.68446977573444,136.1476032551708,142.5774290838543
REF,7.72289156626506,4.72289156626506,131.59079794831945,120.69783864019958,127.1276644688831,131.59079794831945,136.0539314277558,142.4837572564393
REF,7.80722891566265,4.80722891566265,131.49712612090443,120.60416681278456,127.03399264146807,131.49712612090443,135.96025960034078,142.39008542902428
REF,7.8915662650602405,4.8915662650602405,131.40345429348943,120.51049498536956,126.94032081405308,131.40345429348943,135.86658777292578,142.2964136016093
REF,7.975903614457831,4.975903614457831,131.30978246607444,120.41682315795457,126.84664898663809,131.30978246607444,135.7729159455108,142.2027417741943
REF,8.06024096385542,5.060240963855421,131.21611063865942,120.32315133053955,126.75297715922306,131.21611063865942,135.67924411809577,142.10906994677927
REF,8.144578313253012,5.144578313253012,131.12243881124442,120.22947950312455,126.65930533180807,131.12243881124442,135.58557229068077,142.01539811936428
REF,8.228915662650602,5.228915662650602,131.02876698382943,120.13580767570956,126.56563350439308,131.02876698382943,135.49190046326578,141.92172629194928
REF,8.313253012048193,5.313253012048193,130.93509515641443,120.04213584829456,126.47196167697808,130.93509515641443,135.39822863585078,141.8280544645343
REF,8.397590361445783,5.397590361445783,130.8414233289994,119.94846402087954,126.37828984956306,130.8414233289994,135.30455680843576,141.73438263711927
REF,8.481927710843372,5.481927710843372,130.74775150158442,119.85479219346455,126.28461802214807,130.74775150158442,135.21088498102077,141.64071080970427
REF,8.566265060240964,5.566265060240964,130.65407967416942,119.76112036604955,126.19094619473307,130.65407967416942,135.11721315360577,141.54703898228928
REF,8.650602409638553,5.650602409638553,130.5604078467544,119.66744853863453,126.09727436731805,130.5604078467544,135.02354132619075,141.45336715487426
REF,8.734939759036145,5.734939759036145,130.4667360193394,119.57377671121954,126.00360253990306,130.4667360193394,134.92986949877576,141.35969532745926
REF,8.819277108433734,5.8192771084337345,130.3730641919244,119.48010488380454,125.90993071248806,130.3730641919244,134.83619767136076,141.26602350004427
REF,8.903614457831324,5.903614457831324,130.27939236450942,119.38643305638955,125.81625888507307,130.27939236450942,134.74252584394577,141.17235167262928
REF,8.987951807228916,5.9879518072289155,130.1857205370944,119.29276122897453,125.72258705765805,130.1857205370944,134.64885401653075,141.07867984521425
REF,9.072289156626505,6.072289156626505,130.0920487096794,119.19908940155953,125.62891523024305,130.0920487096794,134.55518218911575,140.98500801779926
REF,9.156626506024097,6.156626506024097,129.9983768822644,119.10541757414454,125.53524340282806,129.9983768822644,134.46151036170076,140.89133619038427
REF,9.240963855421686,6.240963855421686,129.9047050548494,119.01174574672952,125.44157157541304,129.9047050548494,134.36783853428574,140.79766436296924
REF,9.325301204819276,6.325301204819276,129.8110332274344,118.91807391931452,125.34789974799804,129.8110332274344,134.27416670687074,140.70399253555425
REF,9.409638554216867,6.409638554216867,129.7173614000194,118.82440209189953,125.25422792058305,129.7173614000194,134.18049487945575,140.61032070813926
REF,9.493975903614459,6.493975903614459,129.62368957260438,118.7307302644845,125.16055609316803,129.62368957260438,134.08682305204073,140.51664888072423
REF,9.578313253012048,6.578313253012048,129.53001774518938,118.63705843706951,125.06688426575303,129.53001774518938,133.99315122462573,140.42297705330924
REF,9.662650602409638,6.662650602409638,129.4363459177744,118.54338660965452,124.97321243833804,129.4363459177744,133.89947939721074,140.32930522589425
REF,9.746987951807228,6.7469879518072275,129.3426740903594,118.44971478223952,124.87954061092304,129.3426740903594,133.80580756979575,140.23563339847925
REF,9.831325301204819,6.831325301204819,129.24900226294437,118.3560429548245,124.78586878350802,129.24900226294437,133.71213574238072,140.14196157106423
REF,9.91566265060241,6.91566265060241,129.15533043552938,118.26237112740951,124.69219695609303,129.15533043552938,133.61846391496573,140.04828974364924
REF,10.0,7.0,129.06165860811439,118.16869929999451,124.59852512867803,129.06165860811439,133.52479208755074,139.95461791623424
REF,10.08433734939759,7.08433734939759,128.96798678069936,118.07502747257949,124.50485330126301,128.96798678069936,133.4311202601357,139.86094608881922
REF,10.16867469879518,7.168674698795179,128.87431495328437,117.9813556451645,124.41118147384802,128.87431495328437,133.33744843272072,139.76727426140422
REF,10.25301204819277,7.253012048192771,128.78064312586937,117.8876838177495,124.31750964643302,128.78064312586937,133.24377660530573,139.67360243398923
REF,10.337349397590362,7.337349397590362,128.68697129845435,117.79401199033448,124.223837819018,128.68697129845435,133.1501047778907,139.5799306065742
REF,10.421686746987952,7.421686746987952,128.59329947103936,117.70034016291949,124.13016599160301,128.59329947103936,133.0564329504757,139.48625877915921
REF,10.506024096385541,7.506024096385541,128.49962764362436,117.6066683355045,124.03649416418801,128.49962764362436,132.96276112306072,139.39258695174422
REF,10.590361445783131,7.590361445783131,128.40595581620937,117.5129965080895,123.94282233677302,128.40595581620937,132.86908929564572,139.29891512432923
REF,10.674698795180722,7.674698795180722,128.31228398879435,117.41932468067448,123.849150509358,128.31228398879435,132.7754174682307,139.2052432969142
REF,10.759036144578314,7.759036144578314,128.21861216137935,117.32565285325948,123.755478681943,128.21861216137935,132.6817456408157,139.1115714694992
REF,10.843373493975903,7.843373493975903,128.12494033396436,117.23198102584449,123.66180685452801,128.12494033396436,132.5880738134007,139.01789964208422
REF,10.927710843373493,7.927710843373493,128.03126850654937,117.1383091984295,123.56813502711302,128.03126850654937,132.49440198598572,138.92422781466922
REF,11.012048192771084,8.012048192771084,127.93759667913434,117.04463737101447,123.474463199698,127.93759667913434,132.4007301585707,138.8305559872542
REF,11.096385542168674,8.096385542168674,127.84392485171935,116.95096554359948,123.380791372283,127.84392485171935,132.3070583311557,138.7368841598392
REF,11.180722891566264,8.180722891566264,127.75025302430434,116.85729371618447,123.28711954486799,127.75025302430434,132.21338650374068,138.6432123324242
REF,11.265060240963855,8.265060240963855,127.65658119688935,116.76362188876948,123.193447717453,127.65658119688935,132.11971467632569,138.54954050500922
REF,11.349397590361445,8.349397590361445,127.56290936947434,116.66995006135447,123.09977589003799,127.56290936947434,132.0260428489107,138.4558686775942
REF,11.433734939759036,8.433734939759036,127.46923754205933,116.57627823393946,123.00610406262298,127.46923754205933,131.93237102149567,138.3621968501792
REF,11.518072289156626,8.518072289156626,127.37556571464434,116.48260640652447,122.91243223520799,127.37556571464434,131.83869919408068,138.2685250227642
REF,11.602409638554215,8.602409638554215,127.28189388722933,116.38893457910946,122.81876040779298,127.28189388722933,131.74502736666568,138.1748531953492
REF,11.686746987951807,8.686746987951807,127.18822205981434,116.29526275169447,122.72508858037799,127.18822205981434,131.6513555392507,138.0811813679342
REF,11.771084337349397,8.771084337349397,127.09455023239933,116.20159092427946,122.63141675296298,127.09455023239933,131.55768371183567,137.9875095405192
REF,11.855421686746988,8.855421686746988,127.00087840498432,116.10791909686445,122.53774492554797,127.00087840498432,131.46401188442067,137.89383771310418
REF,11.939759036144578,8.939759036144578,126.90720657756933,116.01424726944946,122.44407309813298,126.90720657756933,131.37034005700568,137.80016588568918
REF,12.024096385542167,9.024096385542167,126.81353475015432,115.92057544203445,122.35040127071797,126.81353475015432,131.27666822959065,137.7064940582742
REF,12.108433734939759,9.108433734939759,126.71986292273932,115.82690361461945,122.25672944330297,126.71986292273932,131.18299640217566,137.6128222308592
REF,12.192771084337348,9.192771084337348,126.62619109532432,115.73323178720445,122.16305761588796,126.62619109532432,131.08932457476067,137.51915040344417
REF,12.27710843373494,9.27710843373494,126.53251926790932,115.63955995978945,122.06938578847297,126.53251926790932,130.99565274734567,137.42547857602918
REF,12.36144578313253,9.36144578313253,126.43884744049431,115.54588813237444,121.97571396105796,126.43884744049431,130.90198091993065,137.33180674861418
REF,12.44578313253012,9.44578313253012,126.3451756130793,115.45221630495944,121.88204213364295,126.3451756130793,130.80830909251566,137.23813492119916
REF,12.53012048192771,9.53012048192771,126.25150378566431,115.35854447754444,121.78837030622796,126.25150378566431,130.71463726510066,137.14446309378417
REF,12.6144578313253,9.6144578313253,126.1578319582493,115.26487265012943,121.69469847881295,126.1578319582493,130.62096543768564,137.05079126636917
REF,12.698795180722891,9.698795180722891,126.06416013083431,115.17120082271444,121.60102665139796,126.06416013083431,130.52729361027065,136.95711943895418
REF,12.783132530120481,9.783132530120481,125.9704883034193,115.07752899529943,121.50735482398295,125.9704883034193,130.43362178285565,136.86344761153916
REF,12.867469879518072,9.867469879518072,125.8768164760043,114.98385716788442,121.41368299656794,125.8768164760043,130.33994995544063,136.76977578412416
REF,12.951807228915662,9.951807228915662,125.7831446485893,114.89018534046943,121.32001116915295,125.7831446485893,130.24627812802564,136.67610395670917
REF,13.036144578313252,10.036144578313252,125.68947282117429,114.79651351305442,121.22633934173794,125.68947282117429,130.15260630061064,136.58243212929415
REF,13.120481927710843,10.120481927710843,125.5958009937593,114.70284168563943,121.13266751432295,125.5958009937593,130.05893447319565,136.48876030187915
REF,13.204819277108433,10.204819277108433,125.50212916634429,114.60916985822442,121.03899568690794,125.50212916634429,129.96526264578063,136.39508847446416
REF,13.289156626506024,10.289156626506024,125.4084573389293,114.51549803080943,120.94532385949294,125.4084573389293,129.87159081836563,136.30141664704917
REF,13.373493975903614,10.373493975903614,125.31478551151429,114.42182620339442,120.85165203207794,125.31478551151429,129.77791899095064,136.20774481963414
REF,13.457831325301203,10.457831325301203,125.22111368409928,114.32815437597941,120.75798020466293,125.22111368409928,129.68424716353562,136.11407299221915
REF,13.542168674698795,10.542168674698795,125.12744185668429,114.23448254856442,120.66430837724793,125.12744185668429,129.59057533612062,136.02040116480416
REF,13.626506024096384,10.626506024096384,125.03377002926928,114.1408107211494,120.57063654983293,125.03377002926928,129.49690350870563,135.92672933738913
REF,13.710843373493976,10.710843373493976,124.94009820185428,114.04713889373441,120.47696472241793,124.94009820185428,129.40323168129063,135.83305750997414
REF,13.795180722891565,10.795180722891565,124.84642637443928,113.9534670663194,120.38329289500292,124.84642637443928,129.3095598538756,135.73938568255915
REF,13.879518072289155,10.879518072289155,124.75275454702428,113.85979523890441,120.28962106758793,124.75275454702428,129.21588802646062,135.64571385514415
REF,13.963855421686747,10.963855421686747,124.65908271960927,113.7661234114894,120.19594924017292,124.65908271960927,129.12221619904562,135.55204202772913
REF,14.048192771084336,11.048192771084336,124.56541089219427,113.6724515840744,120.10227741275791,124.56541089219427,129.0285443716306,135.45837020031414
REF,14.132530120481928,11.132530120481928,124.47173906477927,113.5787797566594,120.00860558534292,124.47173906477927,128.9348725442156,135.36469837289914
REF,14.216867469879517,11.216867469879517,124.37806723736426,113.48510792924439,119.91493375792791,124.37806723736426,128.8412007168006,135.27102654548412
REF,14.301204819277107,11.301204819277107,124.28439540994927,113.3914361018294,119.82126193051292,124.28439540994927,128.74752888938562,135.17735471806913
REF,14.385542168674698,11.385542168674698,124.19072358253426,113.29776427441439,119.72759010309791,124.19072358253426,128.6538570619706,135.08368289065413
REF,14.469879518072288,11.469879518072288,124.09705175511925,113.20409244699938,119.6339182756829,124.09705175511925,128.5601852345556,134.9900110632391
REF,14.55421686746988,11.55421686746988,124.00337992770426,113.11042061958439,119.54024644826791,124.00337992770426,128.4665134071406,134.89633923582412
REF,14.638554216867469,11.638554216867469,123.90970810028925,113.01674879216938,119.4465746208529,123.90970810028925,128.3728415797256,134.80266740840912
REF,14.722891566265059,11.722891566265059,123.81603627287426,112.92307696475439,119.3529027934379,123.81603627287426,128.2791697523106,134.70899558099413
REF,14.80722891566265,11.80722891566265,123.72236444545925,112.82940513733938,119.2592309660229,123.72236444545925,128.1854979248956,134.6153237535791
REF,14.89156626506024,11.89156626506024,123.62869261804425,112.73573330992438,119.1655591386079,123.62869261804425,128.0918260974806,134.5216519261641
REF,14.975903614457831,11.975903614457831,123.53502079062925,112.64206148250938,119.0718873111929,123.53502079062925,127.9981542700656,134.42798009874912
REF,15.06024096385542,12.06024096385542,123.44134896321424,112.54838965509437,118.97821548377789,123.44134896321424,127.90448244265059,134.3343082713341
REF,15.14457831325301,12.14457831325301,123.34767713579924,112.45471782767937,118.8845436563629,123.34767713579924,127.8108106152356,134.2406364439191
REF,15.228915662650602,12.228915662650602,123.25400530838424,112.36104600026437,118.79087182894789,123.25400530838424,127.71713878782059,134.1469646165041
REF,15.313253012048191,12.313253012048191,123.16033348096924,112.26737417284937,118.69720000153289,123.16033348096924,127.6234669604056,134.0532927890891
REF,15.397590361445783,12.397590361445783,123.06666165355423,112.17370234543436,118.60352817411788,123.06666165355423,127.52979513299059,133.9596209616741
REF,15.481927710843372,12.481927710843372,122.97298982613923,112.08003051801936,118.50985634670288,122.97298982613923,127.43612330557558,133.8659491342591
REF,15.566265060240964,12.566265060240964,122.87931799872423,111.98635869060436,118.41618451928788,122.87931799872423,127.34245147816058,133.7722773068441
REF,15.650602409638553,12.650602409638553,122.78564617130922,111.89268686318935,118.32251269187287,122.78564617130922,127.24877965074558,133.67860547942908
REF,15.734939759036143,12.734939759036143,122.69197434389423,111.79901503577436,118.22884086445788,122.69197434389423,127.15510782333058,133.5849336520141
REF,15.819277108433734,12.819277108433734,122.59830251647922,111.70534320835935,118.13516903704287,122.59830251647922,127.06143599591557,133.4912618245991
REF,15.903614457831324,12.903614457831324,122.50463068906421,111.61167138094434,118.04149720962786,122.50463068906421,126.96776416850057,133.39758999718407
REF,15.987951807228916,12.987951807228916,122.41095886164922,111.51799955352935,117.94782538221287,122.41095886164922,126.87409234108557,133.30391816976908
REF,16.072289156626503,13.072289156626503,122.31728703423421,111.42432772611434,117.85415355479786,122.31728703423421,126.78042051367056,133.21024634235408
REF,16.156626506024097,13.156626506024097,122.22361520681922,111.33065589869935,117.76048172738287,122.22361520681922,126.68674868625557,133.1165745149391
REF,16.240963855421686,13.240963855421686,122.12994337940421,111.23698407128434,117.66680989996786,122.12994337940421,126.59307685884056,133.02290268752407
REF,16.325301204819276,13.325301204819276,122.03627155198922,111.14331224386935,117.57313807255287,122.03627155198922,126.49940503142557,132.92923086010907
REF,16.40963855421687,13.409638554216869,121.94259972457421,111.04964041645434,117.47946624513786,121.94259972457421,126.40573320401056,132.83555903269408
REF,16.493975903614455,13.493975903614455,121.8489278971592,110.95596858903933,117.38579441772285,121.8489278971592,126.31206137659555,132.74188720527906
REF,16.57831325301205,13.578313253012048,121.7552560697442,110.86229676162434,117.29212259030786,121.7552560697442,126.21838954918056,132.64821537786406
REF,16.662650602409638,13.662650602409638,121.6615842423292,110.76862493420933,117.19845076289285,121.6615842423292,126.12471772176555,132.55454355044907
REF,16.746987951807228,13.746987951807228,121.5679124149142,110.67495310679433,117.10477893547785,121.5679124149142,126.03104589435056,132.46087172303407
REF,16.83132530120482,13.83132530120482,121.4742405874992,110.58128127937933,117.01110710806284,121.4742405874992,125.93737406693555,132.36719989561905
REF,16.915662650602407,13.915662650602407,121.3805687600842,110.48760945196433,116.91743528064785,121.3805687600842,125.84370223952055,132.27352806820406
REF,17.0,14.0,121.2868969326692,110.39393762454932,116.82376345323284,121.2868969326692,125.75003041210554,132.17985624078906
REF,17.08433734939759,14.08433734939759,121.19322510525419,110.30026579713432,116.73009162581783,121.19322510525419,125.65635858469054,132.08618441337404
REF,17.16867469879518,14.16867469879518,121.09955327783919,110.20659396971932,116.63641979840284,121.09955327783919,125.56268675727554,131.99251258595905
REF,17.253012048192772,14.253012048192772,121.00588145042418,110.11292214230431,116.54274797098783,121.00588145042418,125.46901492986053,131.89884075854405
REF,17.33734939759036,14.337349397590359,120.91220962300919,110.01925031488932,116.44907614357284,120.91220962300919,125.37534310244554,131.80516893112906
REF,17.42168674698795,14.421686746987952,120.81853779559418,109.92557848747431,116.35540431615783,120.81853779559418,125.28167127503053,131.71149710371404
REF,17.50602409638554,14.506024096385541,120.72486596817917,109.8319066600593,116.26173248874282,120.72486596817917,125.18799944761552,131.61782527629904
REF,17.59036144578313,14.590361445783131,120.63119414076418,109.73823483264431,116.16806066132783,120.63119414076418,125.09432762020053,131.52415344888405
REF,17.674698795180724,14.674698795180724,120.53752231334917,109.6445630052293,116.07438883391282,120.53752231334917,125.00065579278552,131.43048162146903
REF,17.75903614457831,14.75903614457831,120.44385048593418,109.55089117781431,115.98071700649783,120.44385048593418,124.90698396537053,131.33680979405403
REF,17.843373493975903,14.843373493975903,120.35017865851917,109.4572193503993,115.88704517908282,120.35017865851917,124.81331213795552,131.24313796663904
REF,17.927710843373493,14.927710843373493,120.25650683110416,109.36354752298429,115.79337335166781,120.25650683110416,124.71964031054051,131.14946613922402
REF,18.012048192771083,15.012048192771083,120.16283500368917,109.2698756955693,115.69970152425282,120.16283500368917,124.62596848312552,131.05579431180902
REF,18.096385542168676,15.096385542168676,120.06916317627416,109.17620386815429,115.60602969683781,120.06916317627416,124.53229665571051,130.96212248439403
REF,18.180722891566262,15.180722891566262,119.97549134885917,109.0825320407393,115.51235786942281,119.97549134885917,124.43862482829552,130.86845065697904
REF,18.265060240963855,15.265060240963855,119.88181952144416,108.98886021332429,115.4186860420078,119.88181952144416,124.34495300088051,130.774778829564
REF,18.349397590361445,15.349397590361445,119.78814769402915,108.89518838590928,115.3250142145928,119.78814769402915,124.2512811734655,130.68110700214902
REF,18.433734939759034,15.433734939759034,119.69447586661416,108.80151655849428,115.2313423871778,119.69447586661416,124.1576093460505,130.58743517473403
REF,18.518072289156628,15.518072289156628,119.60080403919915,108.70784473107928,115.1376705597628,119.60080403919915,124.0639375186355,130.493763347319
REF,18.602409638554214,15.602409638554214,119.50713221178415,108.61417290366428,115.0439987323478,119.50713221178415,123.9702656912205,130.400091519904
REF,18.686746987951807,15.686746987951807,119.41346038436915,108.52050107624927,114.9503269049328,119.41346038436915,123.8765938638055,130.30641969248902
REF,18.771084337349397,15.771084337349397,119.31978855695415,108.42682924883428,114.8566550775178,119.31978855695415,123.7829220363905,130.21274786507402
REF,18.855421686746986,15.855421686746986,119.22611672953914,108.33315742141927,114.76298325010279,119.22611672953914,123.6892502089755,130.119076037659
REF,18.93975903614458,15.93975903614458,119.13244490212413,108.23948559400426,114.66931142268778,119.13244490212413,123.59557838156049,130.025404210244
REF,19.02409638554217,16.02409638554217,119.03877307470914,108.14581376658927,114.57563959527279,119.03877307470914,123.50190655414549,129.931732382829
REF,19.10843373493976,16.10843373493976,118.94510124729413,108.05214193917426,114.48196776785778,118.94510124729413,123.40823472673048,129.838060555414
REF,19.19277108433735,16.19277108433735,118.85142941987914,107.95847011175927,114.38829594044279,118.85142941987914,123.31456289931549,129.744388727999
REF,19.277108433734938,16.277108433734938,118.75775759246413,107.86479828434426,114.29462411302778,118.75775759246413,123.22089107190048,129.650716900584
REF,19.361445783132528,16.361445783132528,118.66408576504914,107.77112645692927,114.20095228561279,118.66408576504914,123.12721924448549,129.557045073169
REF,19.44578313253012,16.44578313253012,118.57041393763413,107.67745462951426,114.10728045819778,118.57041393763413,123.03354741707048,129.46337324575398
REF,19.53012048192771,16.53012048192771,118.47674211021912,107.58378280209925,114.01360863078277,118.47674211021912,122.93987558965547,129.369701418339
REF,19.6144578313253,16.6144578313253,118.38307028280413,107.49011097468426,113.91993680336778,118.38307028280413,122.84620376224048,129.276029590924
REF,19.69879518072289,16.69879518072289,118.28939845538912,107.39643914726925,113.82626497595277,118.28939845538912,122.75253193482547,129.18235776350897
REF,19.78313253012048,16.78313253012048,118.19572662797412,107.30276731985425,113.73259314853777,118.19572662797412,122.65886010741048,129.08868593609398
REF,19.867469879518072,16.867469879518072,118.10205480055912,107.20909549243925,113.63892132112277,118.10205480055912,122.56518827999547,128.995014108679
REF,19.951807228915662,16.951807228915662,118.00838297314411,107.11542366502424,113.54524949370776,118.00838297314411,122.47151645258046,128.90134228126396
REF,20.03614457831325,17.03614457831325,117.91471114572911,107.02175183760924,113.45157766629276,117.91471114572911,122.37784462516547,128.80767045384897
REF,20.12048192771084,17.12048192771084,117.8210393183141,106.92808001019424,113.35790583887776,117.8210393183141,122.28417279775046,128.71399862643398
REF,20.20481927710843,17.20481927710843,117.72736749089911,106.83440818277924,113.26423401146276,117.72736749089911,122.19050097033546,128.62032679901898
REF,20.289156626506024,17.289156626506024,117.6336956634841,106.74073635536423,113.17056218404775,117.6336956634841,122.09682914292046,128.52665497160396
REF,20.373493975903614,17.373493975903614,117.5400238360691,106.64706452794923,113.07689035663275,117.5400238360691,122.00315731550545,128.43298314418897
REF,20.457831325301203,17.457831325301203,117.4463520086541,106.55339270053423,112.98321852921775,117.4463520086541,121.90948548809045,128.33931131677397
REF,20.542168674698793,17.542168674698793,117.3526801812391,106.45972087311922,112.88954670180274,117.3526801812391,121.81581366067545,128.24563948935895
REF,20.626506024096383,17.626506024096383,117.2590083538241,106.36604904570423,112.79587487438775,117.2590083538241,121.72214183326045,128.15196766194396
REF,20.710843373493976,17.710843373493976,117.16533652640909,106.27237721828922,112.70220304697274,117.16533652640909,121.62847000584544,128.05829583452896
REF,20.795180722891565,17.795180722891565,117.07166469899408,106.17870539087421,112.60853121955773,117.07166469899408,121.53479817843044,127.96462400711395
REF,20.879518072289155,17.879518072289155,116.97799287157909,106.08503356345922,112.51485939214274,116.97799287157909,121.44112635101544,127.87095217969896
REF,20.963855421686745,17.963855421686745,116.88432104416408,105.99136173604421,112.42118756472773,116.88432104416408,121.34745452360043,127.77728035228395
REF,21.048192771084334,18.048192771084334,116.79064921674909,105.89768990862922,112.32751573731274,116.79064921674909,121.25378269618544,127.68360852486896
REF,21.132530120481928,18.132530120481928,116.69697738933408,105.80401808121421,112.23384390989773,116.69697738933408,121.16011086877043,127.58993669745395
REF,21.216867469879517,18.216867469879517,116.60330556191909,105.71034625379922,112.14017208248274,116.60330556191909,121.06643904135544,127.49626487003896
REF,21.301204819277107,18.301204819277107,116.50963373450408,105.61667442638421,112.04650025506773,116.50963373450408,120.97276721394043,127.40259304262395
REF,21.385542168674696,18.385542168674696,116.41596190708907,105.5230025989692,111.95282842765272,116.41596190708907,120.87909538652542,127.30892121520894
REF,21.469879518072286,18.469879518072286,116.32229007967408,105.4293307715542,111.85915660023772,116.32229007967408,120.78542355911043,127.21524938779395
REF,21.55421686746988,18.55421686746988,116.22861825225907,105.3356589441392,111.76548477282272,116.22861825225907,120.69175173169542,127.12157756037894
REF,21.63855421686747,18.63855421686747,116.13494642484407,105.2419871167242,111.67181294540772,116.13494642484407,120.59807990428043,127.02790573296394
REF,21.72289156626506,18.72289156626506,116.04127459742907,105.1483152893092,111.57814111799271,116.04127459742907,120.50440807686542,126.93423390554894
REF,21.807228915662648,18.807228915662648,115.94760277001407,105.0546434618942,111.48446929057772,115.94760277001407,120.41073624945042,126.84056207813394
REF,21.89156626506024,18.89156626506024,115.85393094259906,104.9609716344792,111.39079746316271,115.85393094259906,120.31706442203541,126.74689025071893
REF,21.97590361445783,18.97590361445783,115.76025911518406,104.86729980706419,111.2971256357477,115.76025911518406,120.2233925946204,126.65321842330393
REF,22.06024096385542,19.06024096385542,115.66658728776906,104.77362797964919,111.20345380833271,115.66658728776906,120.12972076720541,126.55954659588893
REF,22.14457831325301,19.14457831325301,115.57291546035405,104.67995615223418,111.1097819809177,115.57291546035405,120.0360489397904,126.46587476847392
REF,22.2289156626506,19.2289156626506,115.47924363293906,104.58628432481919,111.01611015350271,115.47924363293906,119.94237711237541,126.37220294105893
REF,22.313253012048193,19.313253012048193,115.38557180552405,104.49261249740418,110.9224383260877,115.38557180552405,119.8487052849604,126.27853111364392
REF,22.397590361445783,19.397590361445783,115.29189997810904,104.39894066998917,110.82876649867269,115.29189997810904,119.7550334575454,126.18485928622891
REF,22.481927710843372,19.481927710843372,115.19822815069405,104.30526884257418,110.7350946712577,115.19822815069405,119.6613616301304,126.09118745881392
REF,22.566265060240962,19.566265060240962,115.10455632327904,104.21159701515917,110.64142284384269,115.10455632327904,119.56768980271539,125.99751563139891
REF,22.65060240963855,19.65060240963855,115.01088449586405,104.11792518774418,110.5477510164277,115.01088449586405,119.4740179753004,125.90384380398392
REF,22.734939759036145,19.734939759036145,114.91721266844904,104.02425336032917,110.45407918901269,114.91721266844904,119.38034614788539,125.81017197656891
REF,22.819277108433734,19.819277108433734,114.82354084103403,103.93058153291416,110.36040736159768,114.82354084103403,119.28667432047038,125.7165001491539
REF,22.903614457831324,19.903614457831324,114.72986901361904,103.83690970549917,110.26673553418269,114.72986901361904,119.19300249305539,125.62282832173891
REF,22.987951807228914,19.987951807228914,114.63619718620403,103.74323787808416,110.17306370676768,114.63619718620403,119.09933066564038,125.5291564943239
REF,23.072289156626503,20.072289156626503,114.54252535878904,103.64956605066916,110.07939187935268,114.54252535878904,119.00565883822539,125.4354846669089
REF,23.156626506024097,20.156626506024097,114.44885353137403,103.55589422325416,109.98572005193768,114.44885353137403,118.91198701081038,125.3418128394939
REF,23.240963855421686,20.240963855421686,114.35518170395902,103.46222239583915,109.89204822452267,114.35518170395902,118.81831518339537,125.24814101207889
REF,23.325301204819276,20.325301204819276,114.26150987654403,103.36855056842415,109.79837639710767,114.26150987654403,118.72464335598038,125.1544691846639
REF,23.409638554216865,20.409638554216865,114.16783804912902,103.27487874100915,109.70470456969267,114.16783804912902,118.63097152856537,125.06079735724889
REF,23.493975903614455,20.493975903614455,114.07416622171402,103.18120691359415,109.61103274227767,114.07416622171402,118.53729970115037,124.9671255298339
REF,23.57831325301205,20.57831325301205,113.98049439429901,103.08753508617914,109.51736091486266,113.98049439429901,118.44362787373537,124.87345370241889
REF,23.662650602409638,20.662650602409638,113.88682256688402,102.99386325876415,109.42368908744767,113.88682256688402,118.34995604632037,124.77978187500389
REF,23.746987951807228,20.746987951807228,113.79315073946901,102.90019143134914,109.33001726003266,113.79315073946901,118.25628421890536,124.68611004758888
REF,23.831325301204817,20.831325301204817,113.699478912054,102.80651960393413,109.23634543261765,113.699478912054,118.16261239149036,124.59243822017388
REF,23.915662650602407,20.915662650602407,113.60580708463901,102.71284777651914,109.14267360520266,113.60580708463901,118.06894056407536,124.49876639275888
REF,24.0,21.0,113.512135257224,102.61917594910413,109.04900177778765,113.512135257224,117.97526873666035,124.40509456534387
COMPARISON,3.0,0.0,141.01576759151635,130.1228082833965,136.55263411208,141.01576759151635,145.4789010709527,151.9087268996362
COMPARISON,3.0843373493975905,0.08433734939759052,140.930491455471,130.03753214735116,136.46735797603466,140.930491455471,145.39362493490736,151.82345076359087
COMPARISON,3.1686746987951806,0.1686746987951806,140.84521531942568,129.95225601130582,136.38208183998933,140.84521531942568,145.30834879886203,151.73817462754553
COMPARISON,3.253012048192771,0.2530120481927711,140.75993918338034,129.86697987526048,136.296805703944,140.75993918338034,145.2230726628167,151.6528984915002
COMPARISON,3.337349397590361,0.3373493975903612,140.67466304733503,129.78170373921517,136.21152956789868,140.67466304733503,145.13779652677138,151.5676223554549
COMPARISON,3.4216867469879517,0.4216867469879517,140.5893869112897,129.69642760316984,136.12625343185334,140.5893869112897,145.05252039072604,151.48234621940955
COMPARISON,3.5060240963855422,0.5060240963855422,140.50411077524436,129.6111514671245,136.040977295808,140.50411077524436,144.9672442546807,151.3970700833642
COMPARISON,3.5903614457831328,0.5903614457831328,140.41883463919902,129.52587533107916,135.95570115976267,140.41883463919902,144.88196811863537,151.31179394731888
COMPARISON,3.674698795180723,0.6746987951807228,140.3335585031537,129.44059919503385,135.87042502371736,140.3335585031537,144.79669198259006,151.22651781127357
COMPARISON,3.759036144578313,0.7590361445783129,140.24828236710835,129.3553230589885,135.785148887672,140.24828236710835,144.7114158465447,151.1412416752282
COMPARISON,3.8433734939759034,0.8433734939759034,140.16300623106304,129.27004692294318,135.69987275162669,140.16300623106304,144.6261397104994,151.0559655391829
COMPARISON,3.927710843373494,0.927710843373494,140.0777300950177,129.18477078689784,135.61459661558135,140.0777300950177,144.54086357445405,150.97068940313756
COMPARISON,4.0120481927710845,1.0120481927710845,139.99245395897236,129.0994946508525,135.529320479536,139.99245395897236,144.4555874384087,150.88541326709222
COMPARISON,4.096385542168674,1.0963855421686741,139.90717782292705,129.0142185148072,135.4440443434907,139.90717782292705,144.3703113023634,150.8001371310469
COMPARISON,4.1807228915662655,1.1807228915662655,139.82190168688172,128.92894237876186,135.35876820744537,139.82190168688172,144.28503516631807,150.71486099500157
COMPARISON,4.265060240963855,1.2650602409638552,139.7366255508364,128.84366624271655,135.27349207140006,139.7366255508364,144.19975903027276,150.62958485895626
COMPARISON,4.349397590361446,1.3493975903614457,139.65134941479104,128.7583901066712,135.1882159353547,139.65134941479104,144.1144828942274,150.5443087229109
COMPARISON,4.433734939759036,1.4337349397590362,139.56607327874573,128.67311397062588,135.10293979930938,139.56607327874573,144.02920675818208,150.4590325868656
COMPARISON,4.518072289156626,1.5180722891566258,139.4807971427004,128.58783783458054,135.01766366326405,139.4807971427004,143.94393062213675,150.37375645082025
COMPARISON,4.602409638554217,1.6024096385542173,139.39552100665506,128.5025616985352,134.9323875272187,139.39552100665506,143.8586544860914,150.28848031477492
COMPARISON,4.686746987951807,1.6867469879518069,139.31024487060972,128.41728556248987,134.84711139117337,139.31024487060972,143.77337835004607,150.20320417872958
COMPARISON,4.771084337349397,1.7710843373493974,139.2249687345644,128.33200942644456,134.76183525512806,139.2249687345644,143.68810221400076,150.11792804268427
COMPARISON,4.855421686746988,1.855421686746988,139.13969259851908,128.24673329039922,134.67655911908273,139.13969259851908,143.60282607795543,150.03265190663893
COMPARISON,4.9397590361445785,1.9397590361445785,139.05441646247374,128.16145715435388,134.5912829830374,139.05441646247374,143.5175499419101,149.9473757705936
COMPARISON,5.024096385542169,2.024096385542169,138.9691403264284,128.07618101830855,134.50600684699205,138.9691403264284,143.43227380586475,149.86209963454826
COMPARISON,5.108433734939759,2.1084337349397586,138.8838641903831,127.99090488226322,134.42073071094674,138.8838641903831,143.34699766981944,149.77682349850295
COMPARISON,5.192771084337349,2.192771084337349,138.79858805433773,127.90562874621786,134.33545457490138,138.79858805433773,143.26172153377408,149.69154736245758
COMPARISON,5.27710843373494,2.2771084337349397,138.71331191829242,127.82035261017255,134.25017843885607,138.71331191829242,143.17644539772877,149.60627122641228
COMPARISON,5.36144578313253,2.36144578313253,138.62803578224708,127.73507647412721,134.16490230281073,138.62803578224708,143.09116926168343,149.52099509036694
COMPARISON,5.445783132530121,2.4457831325301207,138.54275964620174,127.64980033808187,134.0796261667654,138.54275964620174,143.0058931256381,149.4357189543216
COMPARISON,5.53012048192771,2.5301204819277103,138.4574835101564,127.56452420203654,133.99435003072006,138.4574835101564,142.92061698959276,149.35044281827626
COMPARISON,5.614457831325301,2.614457831325301,138.3722073741111,127.47924806599123,133.90907389467475,138.3722073741111,142.83534085354745,149.26516668223096
COMPARISON,5.698795180722891,2.6987951807228914,138.28693123806576,127.39397192994589,133.8237977586294,138.28693123806576,142.7500647175021,149.17989054618562
COMPARISON,5.783132530120482,2.783132530120482,138.20165510202042,127.30869579390055,133.73852162258407,138.20165510202042,142.66478858145678,149.09461441014028
COMPARISON,5.867469879518072,2.8674698795180724,138.1163789659751,127.22341965785522,133.65324548653874,138.1163789659751,142.57951244541144,149.00933827409494
COMPARISON,5.951807228915662,2.951807228915662,138.03110282992978,127.13814352180991,133.56796935049343,138.03110282992978,142.49423630936613,148.92406213804963
COMPARISON,6.036144578313253,3.0361445783132526,137.9458266938844,127.05286738576454,133.48269321444806,137.9458266938844,142.40896017332076,148.83878600200427
COMPARISON,6.120481927710843,3.120481927710843,137.8605505578391,126.96759124971923,133.39741707840275,137.8605505578391,142.32368403727546,148.75350986595896
COMPARISON,6.204819277108434,3.2048192771084336,137.77527442179377,126.8823151136739,133.31214094235742,137.77527442179377,142.23840790123012,148.66823372991362
COMPARISON,6.289156626506024,3.289156626506024,137.68999828574846,126.79703897762859,133.2268648063121,137.68999828574846,142.1531317651848,148.58295759386831
COMPARISON,6.373493975903614,3.3734939759036138,137.60472214970312,126.71176284158325,133.14158867026677,137.60472214970312,142.06785562913947,148.49768145782298
COMPARISON,6.457831325301205,3.457831325301205,137.51944601365778,126.62648670553791,133.05631253422143,137.51944601365778,141.98257949309414,148.41240532177764
COMPARISON,6.542168674698795,3.542168674698795,137.43416987761248,126.5412105694926,132.97103639817612,137.43416987761248,141.89730335704883,148.32712918573233
COMPARISON,6.626506024096385,3.6265060240963853,137.3488937415671,126.45593443344724,132.88576026213076,137.3488937415671,141.81202722100346,148.24185304968697
COMPARISON,6.710843373493976,3.710843373493976,137.2636176055218,126.37065829740193,132.80048412608545,137.2636176055218,141.72675108495815,148.15657691364166
COMPARISON,6.7951807228915655,3.7951807228915655,137.17834146947646,126.2853821613566,132.7152079900401,137.17834146947646,141.64147494891282,148.07130077759632
COMPARISON,6.879518072289157,3.879518072289157,137.09306533343116,126.20010602531129,132.6299318539948,137.09306533343116,141.5561988128675,147.986024641551
COMPARISON,6.9638554216867465,3.9638554216867465,137.0077891973858,126.11482988926592,132.54465571794944,137.0077891973858,141.47092267682214,147.90074850550565
COMPARISON,7.048192771084337,4.048192771084337,136.92251306134048,126.02955375322061,132.45937958190413,136.92251306134048,141.38564654077683,147.81547236946034
COMPARISON,7.132530120481928,4.132530120481928,136.83723692529514,125.94427761717527,132.3741034458588,136.83723692529514,141.3003704047315,147.730196233415
COMPARISON,7.216867469879518,4.216867469879518,136.7519607892498,125.85900148112994,132.28882730981346,136.7519607892498,141.21509426868616,147.64492009736966
COMPARISON,7.301204819277108,4.301204819277108,136.66668465320447,125.7737253450846,132.20355117376812,136.66668465320447,141.12981813264082,147.55964396132433
COMPARISON,7.385542168674698,4.385542168674698,136.58140851715916,125.68844920903929,132.1182750377228,136.58140851715916,141.0445419965955,147.47436782527902
COMPARISON,7.469879518072289,4.469879518072289,136.4961323811138,125.60317307299393,132.03299890167744,136.4961323811138,140.95926586055015,147.38909168923365
COMPARISON,7.554216867469879,4.554216867469879,136.4108562450685,125.51789693694862,131.94772276563214,136.4108562450685,140.87398972450484,147.30381555318834
COMPARISON,7.63855421686747,4.63855421686747,136.32558010902315,125.43262080090328,131.8624466295868,136.32558010902315,140.7887135884595,147.218539417143
COMPARISON,7.72289156626506,4.72289156626506,136.24030397297784,125.34734466485797,131.7771704935415,136.24030397297784,140.7034374524142,147.1332632810977
COMPARISON,7.80722891566265,4.80722891566265,136.15502783693248,125.2620685288126,131.69189435749612,136.15502783693248,140.61816131636883,147.04798714505233
COMPARISON,7.8915662650602405,4.8915662650602405,136.06975170088717,125.1767923927673,131.60661822145082,136.06975170088717,140.53288518032352,146.96271100900702
COMPARISON,7.975903614457831,4.975903614457831,135.98447556484183,125.09151625672196,131.52134208540548,135.98447556484183,140.44760904427818,146.8774348729617
COMPARISON,8.06024096385542,5.060240963855421,135.8991994287965,125.00624012067662,131.43606594936014,135.8991994287965,140.36233290823284,146.79215873691635
COMPARISON,8.144578313253012,5.144578313253012,135.81392329275116,124.92096398463129,131.3507898133148,135.81392329275116,140.2770567721875,146.706882600871
COMPARISON,8.228915662650602,5.228915662650602,135.72864715670585,124.83568784858598,131.2655136772695,135.72864715670585,140.1917806361422,146.6216064648257
COMPARISON,8.313253012048193,5.313253012048193,135.64337102066054,124.75041171254067,131.1802375412242,135.64337102066054,140.1065045000969,146.5363303287804
COMPARISON,8.397590361445783,5.397590361445783,135.55809488461517,124.6651355764953,131.09496140517882,135.55809488461517,140.02122836405152,146.45105419273503
COMPARISON,8.481927710843372,5.481927710843372,135.47281874856986,124.57985944045,131.0096852691335,135.47281874856986,139.93595222800622,146.36577805668972
COMPARISON,8.566265060240964,5.566265060240964,135.38754261252453,124.49458330440466,130.92440913308818,135.38754261252453,139.85067609196088,146.28050192064438
COMPARISON,8.650602409638553,5.650602409638553,135.3022664764792,124.40930716835932,130.83913299704284,135.3022664764792,139.76539995591554,146.19522578459905
COMPARISON,8.734939759036145,5.734939759036145,135.21699034043385,124.32403103231398,130.7538568609975,135.21699034043385,139.6801238198702,146.1099496485537
COMPARISON,8.819277108433734,5.8192771084337345,135.13171420438854,124.23875489626867,130.6685807249522,135.13171420438854,139.5948476838249,146.0246735125084
COMPARISON,8.903614457831324,5.903614457831324,135.0464380683432,124.15347876022334,130.58330458890686,135.0464380683432,139.50957154777956,145.93939737646306
COMPARISON,8.987951807228916,5.9879518072289155,134.96116193229787,124.068202624178,130.49802845286152,134.96116193229787,139.42429541173422,145.85412124041773
COMPARISON,9.072289156626505,6.072289156626505,134.87588579625253,123.98292648813266,130.41275231681618,134.87588579625253,139.33901927568888,145.7688451043724
COMPARISON,9.156626506024097,6.156626506024097,134.79060966020722,123.89765035208735,130.32747618077087,134.79060966020722,139.25374313964357,145.68356896832708
COMPARISON,9.240963855421686,6.240963855421686,134.70533352416186,123.81237421604199,130.2422000447255,134.70533352416186,139.1684670035982,145.59829283228171
COMPARISON,9.325301204819276,6.325301204819276,134.62005738811655,123.72709807999668,130.1569239086802,134.62005738811655,139.0831908675529,145.5130166962364
COMPARISON,9.409638554216867,6.409638554216867,134.5347812520712,123.64182194395134,130.07164777263486,134.5347812520712,138.99791473150756,145.42774056019107
COMPARISON,9.493975903614459,6.493975903614459,134.44950511602588,123.556545807906,129.98637163658952,134.44950511602588,138.91263859546223,145.34246442414573
COMPARISON,9.578313253012048,6.578313253012048,134.36422897998054,123.47126967186067,129.9010955005442,134.36422897998054,138.8273624594169,145.2571882881004
COMPARISON,9.662650602409638,6.662650602409638,134.27895284393523,123.38599353581536,129.81581936449888,134.27895284393523,138.74208632337158,145.17191215205509
COMPARISON,9.746987951807228,6.7469879518072275,134.1936767078899,123.30071739977002,129.73054322845354,134.1936767078899,138.65681018732624,145.08663601600975
COMPARISON,9.831325301204819,6.831325301204819,134.10840057184456,123.21544126372468,129.6452670924082,134.10840057184456,138.5715340512809,145.0013598799644
COMPARISON,9.91566265060241,6.91566265060241,134.02312443579922,123.13016512767935,129.55999095636287,134.02312443579922,138.48625791523557,144.91608374391907
COMPARISON,10.0,7.0,133.9378482997539,123.04488899163404,129.47471482031756,133.9378482997539,138.40098177919026,144.83080760787377
COMPARISON,10.08433734939759,7.08433734939759,133.85257216370854,122.95961285558867,129.3894386842722,133.85257216370854,138.3157056431449,144.7455314718284
COMPARISON,10.16867469879518,7.168674698795179,133.76729602766324,122.87433671954336,129.30416254822688,133.76729602766324,138.2304295070996,144.6602553357831
COMPARISON,10.25301204819277,7.253012048192771,133.6820198916179,122.78906058349803,129.21888641218155,133.6820198916179,138.14515337105425,144.57497919973775
COMPARISON,10.337349397590362,7.337349397590362,133.59674375557256,122.70378444745269,129.1336102761362,133.59674375557256,138.0598772350089,144.48970306369242
COMPARISON,10.421686746987952,7.421686746987952,133.51146761952725,122.61850831140738,129.0483341400909,133.51146761952725,137.9746010989636,144.4044269276471
COMPARISON,10.506024096385541,7.506024096385541,133.42619148348192,122.53323217536204,128.96305800404556,133.42619148348192,137.88932496291827,144.31915079160177
COMPARISON,10.590361445783131,7.590361445783131,133.3409153474366,122.44795603931674,128.87778186800026,133.3409153474366,137.80404882687296,144.23387465555646
COMPARISON,10.674698795180722,7.674698795180722,133.25563921139124,122.36267990327137,128.7925057319549,133.25563921139124,137.7187726908276,144.1485985195111
COMPARISON,10.759036144578314,7.759036144578314,133.17036307534593,122.27740376722606,128.70722959590958,133.17036307534593,137.63349655478228,144.0633223834658
COMPARISON,10.843373493975903,7.843373493975903,133.0850869393006,122.19212763118072,128.62195345986424,133.0850869393006,137.54822041873695,143.97804624742045
COMPARISON,10.927710843373493,7.927710843373493,132.9998108032553,122.10685149513542,128.53667732381894,132.9998108032553,137.46294428269164,143.89277011137514
COMPARISON,11.012048192771084,8.012048192771084,132.91453466720992,122.02157535909005,128.45140118777357,132.91453466720992,137.37766814664627,143.80749397532978
COMPARISON,11.096385542168674,8.096385542168674,132.8292585311646,121.93629922304474,128.36612505172826,132.8292585311646,137.29239201060096,143.72221783928447
COMPARISON,11.180722891566264,8.180722891566264,132.74398239511927,121.8510230869994,128.28084891568292,132.74398239511927,137.20711587455563,143.63694170323913
COMPARISON,11.265060240963855,8.265060240963855,132.65870625907394,121.76574695095407,128.1955727796376,132.65870625907394,137.1218397385103,143.5516655671938
COMPARISON,11.349397590361445,8.349397590361445,132.5734301230286,121.68047081490873,128.11029664359225,132.5734301230286,137.03656360246495,143.46638943114846
COMPARISON,11.433734939759036,8.433734939759036,132.48815398698326,121.5951946788634,128.0250205075469,132.48815398698326,136.95128746641961,143.38111329510312
COMPARISON,11.518072289156626,8.518072289156626,132.40287785093795,121.50991854281808,127.9397443715016,132.40287785093795,136.8660113303743,143.2958371590578
COMPARISON,11.602409638554215,8.602409638554215,132.31760171489262,121.42464240677275,127.85446823545627,132.31760171489262,136.78073519432897,143.21056102301247
COMPARISON,11.686746987951807,8.686746987951807,132.23232557884728,121.33936627072741,127.76919209941093,132.23232557884728,136.69545905828363,143.12528488696714
COMPARISON,11.771084337349397,8.771084337349397,132.14704944280194,121.25409013468207,127.68391596336559,132.14704944280194,136.6101829222383,143.0400087509218
COMPARISON,11.855421686746988,8.855421686746988,132.0617733067566,121.16881399863674,127.59863982732026,132.0617733067566,136.52490678619296,142.95473261487646
COMPARISON,11.939759036144578,8.939759036144578,131.9764971707113,121.08353786259143,127.51336369127495,131.9764971707113,136.43963065014765,142.86945647883115
COMPARISON,12.024096385542167,9.024096385542167,131.89122103466596,120.99826172654609,127.42808755522961,131.89122103466596,136.3543545141023,142.78418034278582
COMPARISON,12.108433734939759,9.108433734939759,131.80594489862062,120.91298559050075,127.34281141918427,131.80594489862062,136.26907837805697,142.69890420674048
COMPARISON,12.192771084337348,9.192771084337348,131.7206687625753,120.82770945445542,127.25753528313894,131.7206687625753,136.18380224201164,142.61362807069514
COMPARISON,12.27710843373494,9.27710843373494,131.63539262652998,120.74243331841011,127.17225914709363,131.63539262652998,136.09852610596633,142.52835193464983
COMPARISON,12.36144578313253,9.36144578313253,131.55011649048464,120.65715718236477,127.08698301104829,131.55011649048464,136.013249969921,142.4430757986045
COMPARISON,12.44578313253012,9.44578313253012,131.4648403544393,120.57188104631943,127.00170687500295,131.4648403544393,135.92797383387565,142.35779966255916
COMPARISON,12.53012048192771,9.53012048192771,131.37956421839397,120.4866049102741,126.91643073895762,131.37956421839397,135.84269769783032,142.27252352651382
COMPARISON,12.6144578313253,9.6144578313253,131.29428808234866,120.40132877422879,126.8311546029123,131.29428808234866,135.757421561785,142.1872473904685
COMPARISON,12.698795180722891,9.698795180722891,131.20901194630332,120.31605263818345,126.74587846686697,131.20901194630332,135.67214542573967,142.10197125442318
COMPARISON,12.783132530120481,9.783132530120481,131.12373581025798,120.23077650213811,126.66060233082163,131.12373581025798,135.58686928969433,142.01669511837784
COMPARISON,12.867469879518072,9.867469879518072,131.03845967421265,120.14550036609278,126.5753261947763,131.03845967421265,135.501593153649,141.9314189823325
COMPARISON,12.951807228915662,9.951807228915662,130.95318353816734,120.06022423004747,126.49005005873099,130.95318353816734,135.4163170176037,141.8461428462872
COMPARISON,13.036144578313252,10.036144578313252,130.867907402122,119.97494809400213,126.40477392268565,130.867907402122,135.33104088155835,141.76086671024186
COMPARISON,13.120481927710843,10.120481927710843,130.78263126607666,119.88967195795679,126.31949778664031,130.78263126607666,135.24576474551301,141.67559057419652
COMPARISON,13.204819277108433,10.204819277108433,130.69735513003133,119.80439582191146,126.23422165059498,130.69735513003133,135.16048860946768,141.59031443815118
COMPARISON,13.289156626506024,10.289156626506024,130.61207899398602,119.71911968586615,126.14894551454967,130.61207899398602,135.07521247342237,141.50503830210587
COMPARISON,13.373493975903614,10.373493975903614,130.52680285794068,119.63384354982081,126.06366937850433,130.52680285794068,134.98993633737703,141.41976216606054
COMPARISON,13.457831325301203,10.457831325301203,130.44152672189534,119.54856741377547,125.97839324245899,130.44152672189534,134.9046602013317,141.3344860300152
COMPARISON,13.542168674698795,10.542168674698795,130.35625058585,119.46329127773014,125.89311710641365,130.35625058585,134.81938406528636,141.24920989396986
COMPARISON,13.626506024096384,10.626506024096384,130.27097444980467,119.3780151416848,125.80784097036832,130.27097444980467,134.73410792924102,141.16393375792453
COMPARISON,13.710843373493976,10.710843373493976,130.18569831375936,119.29273900563949,125.72256483432301,130.18569831375936,134.6488317931957,141.07865762187922
COMPARISON,13.795180722891565,10.795180722891565,130.10042217771402,119.20746286959415,125.63728869827767,130.10042217771402,134.56355565715037,140.99338148583388
COMPARISON,13.879518072289155,10.879518072289155,130.0151460416687,119.12218673354882,125.55201256223233,130.0151460416687,134.47827952110504,140.90810534978854
COMPARISON,13.963855421686747,10.963855421686747,129.92986990562335,119.03691059750348,125.466736426187,129.92986990562335,134.3930033850597,140.8228292137432
COMPARISON,14.048192771084336,11.048192771084336,129.844593769578,118.95163446145814,125.38146029014166,129.844593769578,134.30772724901436,140.73755307769787
COMPARISON,14.132530120481928,11.132530120481928,129.7593176335327,118.86635832541283,125.29618415409635,129.7593176335327,134.22245111296905,140.65227694165256
COMPARISON,14.216867469879517,11.216867469879517,129.67404149748737,118.7810821893675,125.21090801805101,129.67404149748737,134.13717497692372,140.56700080560722
COMPARISON,14.301204819277107,11.301204819277107,129.58876536144203,118.69580605332216,125.12563188200568,129.58876536144203,134.05189884087838,140.48172466956188
COMPARISON,14.385542168674698,11.385542168674698,129.5034892253967,118.61052991727682,125.04035574596034,129.5034892253967,133.96662270483304,140.39644853351655
COMPARISON,14.469879518072288,11.469879518072288,129.41821308935135,118.52525378123148,124.955079609915,129.41821308935135,133.8813465687877,140.3111723974712
COMPARISON,14.55421686746988,11.55421686746988,129.33293695330605,118.43997764518618,124.8698034738697,129.33293695330605,133.7960704327424,140.2258962614259
COMPARISON,14.638554216867469,11.638554216867469,129.2476608172607,118.35470150914084,124.78452733782436,129.2476608172607,133.71079429669706,140.14062012538056
COMPARISON,14.722891566265059,11.722891566265059,129.1623846812154,118.26942537309553,124.69925120177905,129.1623846812154,133.62551816065175,140.05534398933526
COMPARISON,14.80722891566265,11.80722891566265,129.07710854517006,118.18414923705019,124.61397506573371,129.07710854517006,133.5402420246064,139.97006785328992
COMPARISON,14.89156626506024,11.89156626506024,128.99183240912473,118.09887310100486,124.52869892968837,128.99183240912473,133.45496588856108,139.88479171724458
COMPARISON,14.975903614457831,11.975903614457831,128.9065562730794,118.01359696495952,124.44342279364304,128.9065562730794,133.36968975251574,139.79951558119924
COMPARISON,15.06024096385542,12.06024096385542,128.82128013703405,117.92832082891418,124.3581466575977,128.82128013703405,133.2844136164704,139.7142394451539
COMPARISON,15.14457831325301,12.14457831325301,128.73600400098874,117.84304469286887,124.27287052155239,128.73600400098874,133.1991374804251,139.6289633091086
COMPARISON,15.228915662650602,12.228915662650602,128.6507278649434,117.75776855682354,124.18759438550705,128.6507278649434,133.11386134437976,139.54368717306326
COMPARISON,15.313253012048191,12.313253012048191,128.56545172889807,117.6724924207782,124.10231824946172,128.56545172889807,133.02858520833442,139.45841103701792
COMPARISON,15.397590361445783,12.397590361445783,128.48017559285273,117.58721628473286,124.01704211341638,128.48017559285273,132.94330907228908,139.3731349009726
COMPARISON,15.481927710843372,12.481927710843372,128.3948994568074,117.50194014868752,123.93176597737104,128.3948994568074,132.85803293624375,139.28785876492725
COMPARISON,15.566265060240964,12.566265060240964,128.30962332076209,117.41666401264222,123.84648984132573,128.30962332076209,132.77275680019844,139.20258262888194
COMPARISON,15.650602409638553,12.650602409638553,128.22434718471675,117.33138787659688,123.7612137052804,128.22434718471675,132.6874806641531,139.1173064928366
COMPARISON,15.734939759036143,12.734939759036143,128.1390710486714,117.24611174055154,123.67593756923506,128.1390710486714,132.60220452810776,139.03203035679127
COMPARISON,15.819277108433734,12.819277108433734,128.05379491262607,117.1608356045062,123.59066143318972,128.05379491262607,132.51692839206243,138.94675422074593
COMPARISON,15.903614457831324,12.903614457831324,127.96851877658075,117.07555946846088,123.5053852971444,127.96851877658075,132.4316522560171,138.86147808470062
COMPARISON,15.987951807228916,12.987951807228916,127.88324264053543,116.99028333241556,123.42010916109908,127.88324264053543,132.34637611997178,138.77620194865528
COMPARISON,16.072289156626503,13.072289156626503,127.79796650449009,116.90500719637022,123.33483302505374,127.79796650449009,132.26109998392644,138.69092581260995
COMPARISON,16.156626506024097,13.156626506024097,127.71269036844477,116.8197310603249,123.24955688900842,127.71269036844477,132.1758238478811,138.60564967656464
COMPARISON,16.240963855421686,13.240963855421686,127.62741423239943,116.73445492427956,123.16428075296308,127.62741423239943,132.09054771183577,138.5203735405193
COMPARISON,16.325301204819276,13.325301204819276,127.54213809635411,116.64917878823424,123.07900461691776,127.54213809635411,132.00527157579046,138.43509740447396
COMPARISON,16.40963855421687,13.409638554216869,127.45686196030877,116.5639026521889,122.99372848087242,127.45686196030877,131.91999543974512,138.34982126842863
COMPARISON,16.493975903614455,13.493975903614455,127.37158582426343,116.47862651614356,122.90845234482708,127.37158582426343,131.83471930369979,138.2645451323833
COMPARISON,16.57831325301205,13.578313253012048,127.28630968821811,116.39335038009824,122.82317620878176,127.28630968821811,131.74944316765445,138.17926899633798
COMPARISON,16.662650602409638,13.662650602409638,127.20103355217277,116.3080742440529,122.73790007273642,127.20103355217277,131.6641670316091,138.09399286029264
COMPARISON,16.746987951807228,13.746987951807228,127.11575741612745,116.22279810800758,122.6526239366911,127.11575741612745,131.5788908955638,138.0087167242473
COMPARISON,16.83132530120482,13.83132530120482,127.03048128008211,116.13752197196224,122.56734780064576,127.03048128008211,131.49361475951847,137.92344058820197
COMPARISON,16.915662650602407,13.915662650602407,126.94520514403679,116.05224583591692,122.48207166460044,126.94520514403679,131.40833862347313,137.83816445215666
COMPARISON,17.0,14.0,126.85992900799145,115.96696969987158,122.3967955285551,126.85992900799145,131.3230624874278,137.75288831611132
COMPARISON,17.08433734939759,14.08433734939759,126.77465287194612,115.88169356382625,122.31151939250977,126.77465287194612,131.23778635138245,137.667612180066
COMPARISON,17.16867469879518,14.16867469879518,126.6893767359008,115.79641742778092,122.22624325646444,126.6893767359008,131.15251021533714,137.58233604402065
COMPARISON,17.253012048192772,14.253012048192772,126.60410059985546,115.71114129173559,122.1409671204191,126.60410059985546,131.0672340792918,137.4970599079753
COMPARISON,17.33734939759036,14.337349397590359,126.51882446381013,115.62586515569026,122.05569098437378,126.51882446381013,130.98195794324647,137.41178377193
COMPARISON,17.42168674698795,14.421686746987952,126.4335483277648,115.54058901964493,121.97041484832845,126.4335483277648,130.89668180720113,137.32650763588467
COMPARISON,17.50602409638554,14.506024096385541,126.34827219171946,115.45531288359959,121.88513871228311,126.34827219171946,130.8114056711558,137.24123149983933
COMPARISON,17.59036144578313,14.590361445783131,126.26299605567414,115.37003674755427,121.79986257623779,126.26299605567414,130.7261295351105,137.155955363794
COMPARISON,17.674698795180724,14.674698795180724,126.1777199196288,115.28476061150893,121.71458644019245,126.1777199196288,130.64085339906515,137.07067922774866
COMPARISON,17.75903614457831,14.75903614457831,126.09244378358349,115.19948447546362,121.62931030414714,126.09244378358349,130.55557726301984,136.98540309170335
COMPARISON,17.843373493975903,14.843373493975903,126.00716764753815,115.11420833941828,121.5440341681018,126.00716764753815,130.4703011269745,136.900126955658
COMPARISON,17.927710843373493,14.927710843373493,125.92189151149282,115.02893220337295,121.45875803205647,125.92189151149282,130.38502499092917,136.81485081961267
COMPARISON,18.012048192771083,15.012048192771083,125.8366153754475,114.94365606732762,121.37348189601114,125.8366153754475,130.29974885488383,136.72957468356736
COMPARISON,18.096385542168676,15.096385542168676,125.75133923940216,114.85837993128229,121.2882057599658,125.75133923940216,130.2144727188385,136.64429854752203
COMPARISON,18.180722891566262,15.180722891566262,125.66606310335683,114.77310379523696,121.20292962392048,125.66606310335683,130.12919658279318,136.5590224114767
COMPARISON,18.265060240963855,15.265060240963855,125.5807869673115,114.68782765919163,121.11765348787515,125.5807869673115,130.04392044674785,136.47374627543135
COMPARISON,18.349397590361445,15.349397590361445,125.49551083126616,114.60255152314629,121.03237735182981,125.49551083126616,129.9586443107025,136.38847013938602
COMPARISON,18.433734939759034,15.433734939759034,125.41023469522084,114.51727538710097,120.94710121578449,125.41023469522084,129.87336817465717,136.3031940033407
COMPARISON,18.518072289156628,15.518072289156628,125.3249585591755,114.43199925105563,120.86182507973915,125.3249585591755,129.78809203861184,136.21791786729537
COMPARISON,18.602409638554214,15.602409638554214,125.23968242313018,114.3467231150103,120.77654894369383,125.23968242313018,129.70281590256653,136.13264173125003
COMPARISON,18.686746987951807,15.686746987951807,125.15440628708484,114.26144697896497,120.69127280764849,125.15440628708484,129.6175397665212,136.0473655952047
COMPARISON,18.771084337349397,15.771084337349397,125.06913015103952,114.17617084291965,120.60599667160317,125.06913015103952,129.53226363047585,135.9620894591594
COMPARISON,18.855421686746986,15.855421686746986,124.98385401499418,114.09089470687431,120.52072053555783,124.98385401499418,129.44698749443052,135.87681332311405
COMPARISON,18.93975903614458,15.93975903614458,124.89857787894884,114.00561857082897,120.43544439951249,124.89857787894884,129.36171135838518,135.7915371870687
COMPARISON,19.02409638554217,16.02409638554217,124.81330174290352,113.92034243478365,120.35016826346717,124.81330174290352,129.27643522233987,135.70626105102338
COMPARISON,19.10843373493976,16.10843373493976,124.72802560685818,113.83506629873831,120.26489212742183,124.72802560685818,129.19115908629453,135.62098491497804
COMPARISON,19.19277108433735,16.19277108433735,124.64274947081286,113.74979016269299,120.17961599137651,124.64274947081286,129.1058829502492,135.53570877893273
COMPARISON,19.277108433734938,16.277108433734938,124.55747333476752,113.66451402664765,120.09433985533117,124.55747333476752,129.02060681420386,135.4504326428874
COMPARISON,19.361445783132528,16.361445783132528,124.4721971987222,113.57923789060233,120.00906371928585,124.4721971987222,128.93533067815855,135.36515650684206
COMPARISON,19.44578313253012,16.44578313253012,124.38692106267686,113.49396175455699,119.92378758324051,124.38692106267686,128.8500545421132,135.27988037079672
COMPARISON,19.53012048192771,16.53012048192771,124.30164492663152,113.40868561851165,119.83851144719517,124.30164492663152,128.76477840606788,135.19460423475138
COMPARISON,19.6144578313253,16.6144578313253,124.2163687905862,113.32340948246633,119.75323531114985,124.2163687905862,128.67950227002254,135.10932809870607
COMPARISON,19.69879518072289,16.69879518072289,124.13109265454086,113.238133346421,119.66795917510451,124.13109265454086,128.5942261339772,135.02405196266074
COMPARISON,19.78313253012048,16.78313253012048,124.04581651849554,113.15285721037567,119.58268303905919,124.04581651849554,128.5089499979319,134.9387758266154
COMPARISON,19.867469879518072,16.867469879518072,123.9605403824502,113.06758107433033,119.49740690301385,123.9605403824502,128.42367386188656,134.85349969057006
COMPARISON,19.951807228915662,16.951807228915662,123.87526424640488,112.98230493828501,119.41213076696853,123.87526424640488,128.33839772584122,134.76822355452475
COMPARISON,20.03614457831325,17.03614457831325,123.78998811035956,112.89702880223969,119.32685463092321,123.78998811035956,128.2531215897959,134.68294741847942
COMPARISON,20.12048192771084,17.12048192771084,123.70471197431422,112.81175266619435,119.24157849487787,123.70471197431422,128.16784545375057,134.59767128243408
COMPARISON,20.20481927710843,17.20481927710843,123.6194358382689,112.72647653014903,119.15630235883255,123.6194358382689,128.08256931770524,134.51239514638877
COMPARISON,20.289156626506024,17.289156626506024,123.53415970222356,112.64120039410369,119.07102622278721,123.53415970222356,127.99729318165991,134.42711901034343
COMPARISON,20.373493975903614,17.373493975903614,123.44888356617822,112.55592425805835,118.98575008674187,123.44888356617822,127.91201704561458,134.3418428742981
COMPARISON,20.457831325301203,17.457831325301203,123.3636074301329,112.47064812201303,118.90047395069655,123.3636074301329,127.82674090956925,134.25656673825276
COMPARISON,20.542168674698793,17.542168674698793,123.27833129408756,112.3853719859677,118.81519781465121,123.27833129408756,127.74146477352392,134.17129060220742
COMPARISON,20.626506024096383,17.626506024096383,123.19305515804224,112.30009584992237,118.72992167860589,123.19305515804224,127.65618863747859,134.0860144661621
COMPARISON,20.710843373493976,17.710843373493976,123.1077790219969,112.21481971387703,118.64464554256055,123.1077790219969,127.57091250143326,134.00073833011677
COMPARISON,20.795180722891565,17.795180722891565,123.02250288595157,112.1295435778317,118.55936940651522,123.02250288595157,127.48563636538792,133.91546219407144
COMPARISON,20.879518072289155,17.879518072289155,122.93722674990624,112.04426744178637,118.4740932704699,122.93722674990624,127.4003602293426,133.8301860580261
COMPARISON,20.963855421686745,17.963855421686745,122.85195061386091,111.95899130574104,118.38881713442456,122.85195061386091,127.31508409329726,133.74490992198076
COMPARISON,21.048192771084334,18.048192771084334,122.76667447781558,111.87371516969571,118.30354099837923,122.76667447781558,127.22980795725194,133.65963378593545
COMPARISON,21.132530120481928,18.132530120481928,122.68139834177025,111.78843903365038,118.2182648623339,122.68139834177025,127.1445318212066,133.57435764989012
COMPARISON,21.216867469879517,18.216867469879517,122.59612220572492,111.70316289760505,118.13298872628857,122.59612220572492,127.05925568516128,133.48908151384478
COMPARISON,21.301204819277107,18.301204819277107,122.51084606967959,111.61788676155972,118.04771259024324,122.51084606967959,126.97397954911594,133.40380537779944
COMPARISON,21.385542168674696,18.385542168674696,122.42556993363425,111.53261062551438,117.9624364541979,122.42556993363425,126.8887034130706,133.3185292417541
COMPARISON,21.469879518072286,18.469879518072286,122.34029379758893,111.44733448946906,117.87716031815258,122.34029379758893,126.80342727702528,133.2332531057088
COMPARISON,21.55421686746988,18.55421686746988,122.25501766154359,111.36205835342372,117.79188418210724,122.25501766154359,126.71815114097994,133.14797696966346
COMPARISON,21.63855421686747,18.63855421686747,122.16974152549827,111.2767822173784,117.70660804606192,122.16974152549827,126.63287500493462,133.06270083361812
COMPARISON,21.72289156626506,18.72289156626506,122.08446538945293,111.19150608133306,117.62133191001658,122.08446538945293,126.54759886888928,132.9774246975728
COMPARISON,21.807228915662648,18.807228915662648,121.99918925340761,111.10622994528774,117.53605577397126,121.99918925340761,126.46232273284396,132.89214856152748
COMPARISON,21.89156626506024,18.89156626506024,121.91391311736228,111.02095380924241,117.45077963792593,121.91391311736228,126.37704659679864,132.80687242548214
COMPARISON,21.97590361445783,18.97590361445783,121.82863698131695,110.93567767319708,117.3655035018806,121.82863698131695,126.2917704607533,132.7215962894368
COMPARISON,22.06024096385542,19.06024096385542,121.74336084527162,110.85040153715175,117.28022736583527,121.74336084527162,126.20649432470798,132.6363201533915
COMPARISON,22.14457831325301,19.14457831325301,121.65808470922629,110.76512540110642,117.19495122978994,121.65808470922629,126.12121818866264,132.55104401734616
COMPARISON,22.2289156626506,19.2289156626506,121.57280857318096,110.6798492650611,117.10967509374461,121.57280857318096,126.03594205261732,132.46576788130082
COMPARISON,22.313253012048193,19.313253012048193,121.48753243713563,110.59457312901576,117.02439895769928,121.48753243713563,125.95066591657198,132.38049174525548
COMPARISON,22.397590361445783,19.397590361445783,121.40225630109029,110.50929699297042,116.93912282165394,121.40225630109029,125.86538978052664,132.29521560921015
COMPARISON,22.481927710843372,19.481927710843372,121.31698016504497,110.4240208569251,116.85384668560862,121.31698016504497,125.78011364448132,132.20993947316484
COMPARISON,22.566265060240962,19.566265060240962,121.23170402899963,110.33874472087976,116.76857054956328,121.23170402899963,125.69483750843598,132.1246633371195
COMPARISON,22.65060240963855,19.65060240963855,121.1464278929543,110.25346858483444,116.68329441351796,121.1464278929543,125.60956137239066,132.03938720107416
COMPARISON,22.734939759036145,19.734939759036145,121.06115175690897,110.1681924487891,116.59801827747262,121.06115175690897,125.52428523634532,131.95411106502883
COMPARISON,22.819277108433734,19.819277108433734,120.97587562086363,110.08291631274376,116.51274214142728,120.97587562086363,125.43900910029998,131.8688349289835
COMPARISON,22.903614457831324,19.903614457831324,120.89059948481831,109.99764017669844,116.42746600538196,120.89059948481831,125.35373296425466,131.78355879293818
COMPARISON,22.987951807228914,19.987951807228914,120.80532334877297,109.9123640406531,116.34218986933662,120.80532334877297,125.26845682820932,131.69828265689284
COMPARISON,23.072289156626503,20.072289156626503,120.72004721272765,109.82708790460778,116.2569137332913,120.72004721272765,125.183180692164,131.6130065208475
COMPARISON,23.156626506024097,20.156626506024097,120.63477107668231,109.74181176856244,116.17163759724596,120.63477107668231,125.09790455611866,131.52773038480217
COMPARISON,23.240963855421686,20.240963855421686,120.54949494063698,109.6565356325171,116.08636146120062,120.54949494063698,125.01262842007333,131.44245424875683
COMPARISON,23.325301204819276,20.325301204819276,120.46421880459165,109.57125949647178,116.0010853251553,120.46421880459165,124.927352284028,131.35717811271152
COMPARISON,23.409638554216865,20.409638554216865,120.37894266854632,109.48598336042645,115.91580918910996,120.37894266854632,124.84207614798267,131.2719019766662
COMPARISON,23.493975903614455,20.493975903614455,120.29366653250099,109.40070722438112,115.83053305306464,120.29366653250099,124.75680001193734,131.18662584062085
COMPARISON,23.57831325301205,20.57831325301205,120.20839039645566,109.31543108833579,115.7452569170193,120.20839039645566,124.671523875892,131.1013497045755
COMPARISON,23.662650602409638,20.662650602409638,120.12311426041033,109.23015495229046,115.65998078097398,120.12311426041033,124.58624773984668,131.0160735685302
COMPARISON,23.746987951807228,20.746987951807228,120.037838124365,109.14487881624513,115.57470464492864,120.037838124365,124.50097160380135,130.93079743248487
COMPARISON,23.831325301204817,20.831325301204817,119.95256198831966,109.05960268019979,115.48942850888331,119.95256198831966,124.41569546775601,130.84552129643953
COMPARISON,23.915662650602407,20.915662650602407,119.86728585227434,108.97432654415447,115.40415237283798,119.86728585227434,124.33041933171069,130.7602451603942
COMPARISON,24.0,21.0,119.782009716229,108.88905040810913,115.31887623679265,119.782009716229,124.24514319566535,130.67496902434885
