window_id,infant_id,session_id,time_start_s,time_end_s,true_position,movement_intensity,posture_angle,movement_variability,vertical_accel_mean,horizontal_accel_sd
W0001,I001,position_session_001,0,10,prone,0.33,-14.85,0.14,-0.08,0.163
W0002,I001,position_session_001,10,20,prone,0.254,-11.21,0.117,0.003,0.139
W0003,I001,position_session_001,20,30,prone,0.359,0.38,0.091,0.065,0.174
W0004,I001,position_session_001,30,40,prone,0.31,10.87,0.123,-0.13,0.181
W0005,I001,position_session_001,40,50,prone,0.279,2.03,0.219,-0.192,0.23
W0006,I001,position_session_001,50,60,prone,0.238,-8.39,0.117,-0.012,0.13
W0007,I001,position_session_001,60,70,prone,0.407,-27.06,0.163,-0.084,0.136
W0008,I001,position_session_001,70,80,prone,0.271,-24.84,0.111,-0.08,0.123
W0009,I001,position_session_001,80,90,prone,0.504,8.13,0.206,-0.07,0.057
W0010,I001,position_session_001,90,100,prone,0.329,-12.88,0.111,-0.051,0.267
W0011,I001,position_session_001,100,110,prone,0.294,-15.55,0.219,-0.047,0.162
W0012,I001,position_session_001,110,120,prone,0.238,-3.96,0.251,-0.062,0.196
W0013,I001,position_session_001,120,130,prone,0.325,-21.75,0.222,-0.106,0.196
W0014,I001,position_session_001,130,140,prone,0.429,0.93,0.183,-0.191,0.115
W0015,I001,position_session_001,140,150,prone,0.202,-16.43,0.189,-0.079,0.164
W0016,I001,position_session_001,150,160,prone,0.2,-22.49,0.195,-0.069,0.197
W0017,I001,position_session_001,160,170,prone,0.199,-8.59,0.033,-0.022,0.162
W0018,I001,position_session_001,170,180,prone,0.146,-6.75,0.171,-0.098,0.162
W0019,I001,position_session_001,180,190,prone,0.258,-4.45,0.186,-0.11,0.089
W0020,I001,position_session_001,190,200,prone,0.256,-16.2,0.169,0.05,0.12
W0021,I001,position_session_001,200,210,prone,0.39,-18.65,0.118,-0.022,0.12
W0022,I001,position_session_001,210,220,prone,0.352,-14.41,0.108,-0.026,0.167
W0023,I001,position_session_001,220,230,prone,0.416,7.3,0.058,0.003,0.166
W0024,I001,position_session_001,230,240,prone,0.365,13.38,0.187,-0.079,0.188
W0025,I001,position_session_001,240,250,prone,0.339,-4.33,0.086,-0.185,0.098
W0026,I001,position_session_001,250,260,prone,0.337,-9.14,0.109,-0.097,0.226
W0027,I001,position_session_001,260,270,prone,0.212,16.59,0.101,-0.038,0.207
W0028,I001,position_session_001,270,280,prone,0.264,6.5,0.149,-0.025,0.16
W0029,I001,position_session_001,280,290,prone,0.204,-20.99,0.1,-0.086,0.15
W0030,I001,position_session_001,290,300,prone,0.227,-2.26,0.073,-0.174,0.149
W0031,I001,position_session_001,300,310,prone,0.211,-13.94,0.106,-0.056,0.197
W0032,I001,position_session_001,310,320,prone,0.297,-15.14,0.089,-0.162,0.084
W0033,I001,position_session_001,320,330,prone,0.436,-8.67,0.154,-0.252,0.158
W0034,I001,position_session_001,330,340,prone,0.288,-16.43,0.105,-0.145,0.13
W0035,I001,position_session_001,340,350,prone,0.343,-23.35,0.13,-0.106,0.263
W0036,I001,position_session_001,350,360,prone,0.339,1.33,0.247,0.057,0.154
W0037,I001,position_session_001,360,370,prone,0.194,-14.98,0.132,-0.131,0.095
W0038,I001,position_session_001,370,380,prone,0.295,-11.94,0.118,-0.128,0.111
W0039,I001,position_session_001,380,390,prone,0.253,-14.2,0.217,-0.106,0.177
W0040,I001,position_session_001,390,400,prone,0.247,-27.54,0.166,0.087,0.175
W0041,I001,position_session_001,400,410,prone,0.39,5.35,0.099,-0.136,0.146
W0042,I001,position_session_001,410,420,prone,0.179,-13.62,0.131,-0.074,0.173
W0043,I001,position_session_001,420,430,prone,0.394,-15.68,0.245,-0.06,0.196
W0044,I001,position_session_001,430,440,prone,0.313,-21.14,0.069,-0.015,0.161
W0045,I001,position_session_001,440,450,prone,0.099,0.19,0.142,-0.015,0.208
W0046,I001,position_session_001,450,460,prone,0.078,-40.0,0.173,-0.232,0.215
W0047,I001,position_session_001,460,470,prone,0.277,-9.03,0.059,-0.09,0.149
W0048,I001,position_session_001,470,480,prone,0.455,-14.21,0.172,0.061,0.122
W0049,I001,position_session_001,480,490,prone,0.206,-21.32,0.054,-0.034,0.234
W0050,I001,position_session_001,490,500,prone,0.227,-15.09,0.151,-0.142,0.151
W0051,I001,position_session_001,500,510,prone,0.36,-1.2,0.147,-0.171,0.134
W0052,I001,position_session_001,510,520,prone,0.442,-13.66,0.271,-0.111,0.141
W0053,I001,position_session_001,520,530,prone,0.221,-7.54,0.147,-0.115,0.147
W0054,I001,position_session_001,530,540,prone,0.394,17.02,0.15,-0.195,0.138
W0055,I001,position_session_001,540,550,prone,0.289,-15.44,0.157,-0.1,0.161
W0056,I001,position_session_001,550,560,prone,0.421,-28.28,0.196,0.014,0.191
W0057,I001,position_session_001,560,570,prone,0.32,-12.43,0.087,-0.013,0.199
W0058,I001,position_session_001,570,580,prone,0.27,4.08,0.174,0.074,0.162
W0059,I001,position_session_001,580,590,prone,0.186,-3.41,0.07,-0.022,0.124
W0060,I001,position_session_001,590,600,prone,0.307,-17.56,0.16,0.014,0.132
W0061,I001,position_session_001,600,610,prone,0.223,-1.14,0.189,-0.135,0.138
W0062,I001,position_session_001,610,620,prone,0.282,10.52,0.135,-0.137,0.095
W0063,I001,position_session_001,620,630,prone,0.115,-5.81,0.222,-0.213,0.085
W0064,I001,position_session_001,630,640,prone,0.256,-19.43,0.178,-0.002,0.122
W0065,I001,position_session_001,640,650,prone,0.207,-1.31,0.229,-0.165,0.134
W0066,I001,position_session_001,650,660,prone,0.32,-3.29,0.098,-0.102,0.272
W0067,I001,position_session_001,660,670,prone,0.199,-7.89,0.12,-0.044,0.104
W0068,I001,position_session_001,670,680,prone,0.376,6.24,0.067,0.073,0.115
W0069,I001,position_session_001,680,690,prone,0.39,2.7,0.141,-0.0,0.199
W0070,I001,position_session_001,690,700,prone,0.189,-11.01,0.144,0.023,0.243
W0071,I001,position_session_001,700,710,prone,0.233,-15.94,0.19,-0.126,0.272
W0072,I001,position_session_001,710,720,prone,0.301,0.52,0.144,-0.145,0.17
W0073,I001,position_session_001,720,730,prone,0.243,-9.37,0.143,-0.222,0.126
W0074,I001,position_session_001,730,740,prone,0.186,-1.4,0.172,-0.25,0.136
W0075,I001,position_session_001,740,750,prone,0.26,-1.17,0.176,-0.195,0.178
W0076,I001,position_session_001,750,760,prone,0.079,-1.25,0.106,-0.082,0.2
W0077,I001,position_session_001,760,770,prone,0.266,-17.11,0.113,0.016,0.148
W0078,I001,position_session_001,770,780,prone,0.431,-14.14,0.237,-0.118,0.16
W0079,I001,position_session_001,780,790,prone,0.196,-5.66,0.177,0.114,0.234
W0080,I001,position_session_001,790,800,prone,0.318,5.88,0.139,-0.137,0.159
W0081,I001,position_session_001,800,810,prone,0.295,-12.85,0.203,-0.093,0.101
W0082,I001,position_session_001,810,820,prone,0.262,-17.5,0.157,-0.141,0.075
W0083,I001,position_session_001,820,830,prone,0.38,8.21,0.117,-0.053,0.07
W0084,I001,position_session_001,830,840,prone,0.262,-2.16,0.122,-0.088,0.073
W0085,I001,position_session_001,840,850,prone,0.224,-5.69,0.218,-0.288,0.207
W0086,I001,position_session_001,850,860,prone,0.299,0.44,0.112,-0.242,0.122
W0087,I001,position_session_001,860,870,prone,0.052,-4.03,0.156,-0.19,0.153
W0088,I001,position_session_001,870,880,prone,0.263,-10.62,0.182,-0.079,0.253
W0089,I001,position_session_001,880,890,prone,0.381,5.5,0.054,-0.072,0.175
W0090,I001,position_session_001,890,900,prone,0.31,4.3,0.178,-0.11,0.215
W0091,I001,position_session_001,900,910,prone,0.305,-15.35,0.067,-0.18,0.23
W0092,I001,position_session_001,910,920,prone,0.211,-1.18,0.086,-0.154,0.065
W0093,I001,position_session_001,920,930,prone,0.32,18.04,0.118,-0.068,0.174
W0094,I001,position_session_001,930,940,prone,0.207,-21.91,0.179,-0.191,0.181
W0095,I001,position_session_001,940,950,prone,0.274,-3.81,0.045,0.088,0.085
W0096,I001,position_session_001,950,960,prone,0.321,-40.0,0.09,-0.069,0.136
W0097,I001,position_session_001,960,970,prone,0.236,-12.89,0.112,0.065,0.183
W0098,I001,position_session_001,970,980,prone,0.236,-0.23,0.2,-0.205,0.145
W0099,I001,position_session_001,980,990,prone,0.202,8.46,0.163,-0.127,0.089
W0100,I001,position_session_001,990,1000,prone,0.259,-8.28,0.163,-0.091,0.054
W0101,I001,position_session_001,1000,1010,prone,0.214,-24.04,0.195,-0.194,0.171
W0102,I001,position_session_001,1010,1020,prone,0.273,-11.02,0.084,-0.089,0.194
W0103,I001,position_session_001,1020,1030,prone,0.387,-17.6,0.177,-0.118,0.236
W0104,I001,position_session_001,1030,1040,prone,0.419,14.08,0.118,-0.35,0.071
W0105,I001,position_session_001,1040,1050,prone,0.347,0.34,0.075,-0.044,0.121
W0106,I001,position_session_001,1050,1060,prone,0.275,-26.88,0.167,-0.052,0.238
W0107,I001,position_session_001,1060,1070,prone,0.297,3.47,0.126,-0.079,0.091
W0108,I001,position_session_001,1070,1080,prone,0.266,2.23,0.217,0.046,0.133
W0109,I001,position_session_001,1080,1090,supine,0.099,-12.6,0.125,-0.075,0.125
W0110,I001,position_session_001,1090,1100,supine,0.155,14.99,0.051,0.09,0.059
W0111,I001,position_session_001,1100,1110,supine,0.161,5.43,0.033,0.018,0.111
W0112,I001,position_session_001,1110,1120,supine,0.218,8.98,0.081,0.003,0.103
W0113,I001,position_session_001,1120,1130,supine,0.205,4.51,0.139,0.03,0.052
W0114,I001,position_session_001,1130,1140,supine,0.138,18.71,0.043,-0.018,0.082
W0115,I001,position_session_001,1140,1150,supine,0.177,28.78,0.078,0.151,0.07
W0116,I001,position_session_001,1150,1160,supine,0.162,20.19,0.096,0.076,0.073
W0117,I001,position_session_001,1160,1170,supine,0.363,-8.59,0.0,0.021,0.05
W0118,I001,position_session_001,1170,1180,supine,0.0,7.11,0.081,0.008,0.128
W0119,I001,position_session_001,1180,1190,supine,0.178,12.36,0.023,0.067,0.05
W0120,I001,position_session_001,1190,1200,supine,0.287,2.51,0.162,0.14,0.127
W0121,I001,position_session_001,1200,1210,supine,0.172,8.11,0.121,0.036,0.033
W0122,I001,position_session_001,1210,1220,supine,0.036,-4.75,0.0,0.038,0.127
W0123,I001,position_session_001,1220,1230,prone,0.167,-4.13,0.145,-0.048,0.2
W0124,I001,position_session_001,1230,1240,prone,0.431,-21.94,0.16,-0.065,0.092
W0125,I001,position_session_001,1240,1250,prone,0.256,-19.89,0.165,-0.098,0.208
W0126,I001,position_session_001,1250,1260,prone,0.406,-3.43,0.157,0.003,0.267
W0127,I001,position_session_001,1260,1270,prone,0.297,-8.32,0.156,-0.232,0.241
W0128,I001,position_session_001,1270,1280,prone,0.417,-7.12,0.057,-0.165,0.166
W0129,I001,position_session_001,1280,1290,prone,0.134,-14.87,0.054,-0.197,0.169
W0130,I001,position_session_001,1290,1300,prone,0.155,-18.81,0.1,-0.047,0.202
W0131,I001,position_session_001,1300,1310,prone,0.229,-14.28,0.23,-0.075,0.129
W0132,I001,position_session_001,1310,1320,prone,0.177,8.75,0.228,-0.021,0.003
W0133,I001,position_session_001,1320,1330,prone,0.342,-4.54,0.271,-0.141,0.134
W0134,I001,position_session_001,1330,1340,prone,0.286,4.77,0.143,-0.127,0.107
W0135,I001,position_session_001,1340,1350,prone,0.242,1.94,0.162,-0.228,0.213
W0136,I001,position_session_001,1350,1360,prone,0.17,15.61,0.136,-0.067,0.191
W0137,I001,position_session_001,1360,1370,prone,0.345,-20.89,0.149,-0.055,0.132
W0138,I001,position_session_001,1370,1380,prone,0.354,-4.28,0.038,-0.105,0.18
W0139,I001,position_session_001,1380,1390,prone,0.351,-2.3,0.084,-0.022,0.289
W0140,I001,position_session_001,1390,1400,prone,0.25,-5.72,0.176,-0.11,0.169
W0141,I001,position_session_001,1400,1410,prone,0.259,-7.59,0.117,-0.16,0.251
W0142,I001,position_session_001,1410,1420,supine,0.25,-9.66,0.084,0.026,0.186
W0143,I001,position_session_001,1420,1430,supine,0.174,11.6,0.098,0.092,0.035
W0144,I001,position_session_001,1430,1440,supine,0.175,5.43,0.093,0.171,0.093
W0145,I001,position_session_001,1440,1450,supine,0.142,-13.05,0.043,-0.008,0.092
W0146,I001,position_session_001,1450,1460,supine,0.21,3.03,0.016,0.107,0.081
W0147,I001,position_session_001,1460,1470,supine,0.2,7.19,0.109,0.073,0.068
W0148,I001,position_session_001,1470,1480,supine,0.101,3.1,0.105,0.087,0.067
W0149,I001,position_session_001,1480,1490,supine,0.166,-17.36,0.146,0.13,0.156
W0150,I001,position_session_001,1490,1500,supine,0.156,-2.06,0.12,0.122,0.133
W0151,I001,position_session_001,1500,1510,supine,0.127,7.91,0.119,0.049,0.176
W0152,I001,position_session_001,1510,1520,supine,0.221,2.6,0.093,0.057,0.094
W0153,I001,position_session_001,1520,1530,supine,0.174,-8.79,0.119,0.104,0.054
W0154,I001,position_session_001,1530,1540,supine,0.182,9.59,0.093,-0.018,0.117
W0155,I001,position_session_001,1540,1550,supine,0.308,-3.33,0.06,0.107,0.099
W0156,I001,position_session_001,1550,1560,supine,0.337,12.52,0.085,-0.032,0.097
W0157,I001,position_session_001,1560,1570,supine,0.199,-24.34,0.059,0.004,0.06
W0158,I001,position_session_001,1570,1580,supine,0.245,-15.57,0.142,0.017,0.11
W0159,I001,position_session_001,1580,1590,supine,0.148,5.88,0.116,-0.001,0.11
W0160,I001,position_session_001,1590,1600,supine,0.172,2.91,0.072,0.006,0.089
W0161,I001,position_session_001,1600,1610,supine,0.176,-1.8,0.104,0.191,0.138
W0162,I001,position_session_001,1610,1620,supine,0.223,5.14,0.058,0.099,0.149
W0163,I001,position_session_001,1620,1630,supine,0.187,-4.59,0.079,0.103,0.113
W0164,I001,position_session_001,1630,1640,supine,0.141,-21.51,0.129,0.113,0.164
W0165,I001,position_session_001,1640,1650,supine,0.257,0.44,0.032,-0.004,0.064
W0166,I001,position_session_001,1650,1660,supine,0.144,15.12,0.064,0.057,0.127
W0167,I001,position_session_001,1660,1670,supine,0.15,-2.1,0.026,0.093,0.132
W0168,I001,position_session_001,1670,1680,supine,0.181,-4.22,0.143,-0.109,0.109
W0169,I001,position_session_001,1680,1690,supine,0.073,15.36,0.153,0.016,0.08
W0170,I001,position_session_001,1690,1700,supine,0.155,24.99,0.045,-0.022,0.114
W0171,I001,position_session_001,1700,1710,supine,0.126,-0.55,0.081,0.136,0.055
W0172,I001,position_session_001,1710,1720,supine,0.096,-6.15,0.124,0.085,0.133
W0173,I001,position_session_001,1720,1730,supine,0.133,-4.52,0.099,-0.026,0.093
W0174,I001,position_session_001,1730,1740,supine,0.069,-6.67,0.121,0.127,0.091
W0175,I001,position_session_001,1740,1750,supine,0.145,-0.65,0.094,0.109,0.04
W0176,I001,position_session_001,1750,1760,supine,0.196,-1.38,0.118,0.055,0.085
W0177,I001,position_session_001,1760,1770,supine,0.43,4.4,0.062,-0.081,0.126
W0178,I001,position_session_001,1770,1780,supine,0.194,6.35,0.086,0.074,0.09
W0179,I001,position_session_001,1780,1790,supine,0.21,6.84,0.162,0.009,0.089
W0180,I001,position_session_001,1790,1800,supine,0.165,6.29,0.16,0.032,0.091
W0181,I001,position_session_001,1800,1810,supine,0.107,3.64,0.008,0.103,0.128
W0182,I001,position_session_001,1810,1820,supine,0.313,12.2,0.141,0.111,0.108
W0183,I001,position_session_001,1820,1830,supine,0.242,12.09,0.036,-0.037,0.072
W0184,I001,position_session_001,1830,1840,supine,0.125,-3.97,0.043,0.041,0.146
W0185,I001,position_session_001,1840,1850,supine,0.307,18.66,0.0,0.191,0.111
W0186,I001,position_session_001,1850,1860,supine,0.111,-0.28,0.056,0.133,0.09
W0187,I001,position_session_001,1860,1870,supine,0.315,-12.81,0.07,0.122,0.117
W0188,I001,position_session_001,1870,1880,supine,0.176,0.82,0.066,0.1,0.101
W0189,I001,position_session_001,1880,1890,supine,0.03,8.0,0.083,-0.161,0.105
W0190,I001,position_session_001,1890,1900,supine,0.19,3.05,0.134,-0.047,0.164
W0191,I001,position_session_001,1900,1910,supine,0.347,9.82,0.096,-0.015,0.178
W0192,I001,position_session_001,1910,1920,supine,0.209,2.85,0.077,0.035,0.111
W0193,I001,position_session_001,1920,1930,supine,0.142,9.14,0.076,0.014,0.145
W0194,I001,position_session_001,1930,1940,supine,0.226,9.62,0.106,0.054,0.11
W0195,I001,position_session_001,1940,1950,supine,0.114,-7.43,0.064,-0.004,0.124
W0196,I001,position_session_001,1950,1960,supine,0.187,-6.02,0.04,-0.089,0.099
W0197,I001,position_session_001,1960,1970,supine,0.128,1.35,0.097,0.048,0.123
W0198,I001,position_session_001,1970,1980,supine,0.159,3.59,0.144,0.055,0.142
W0199,I001,position_session_001,1980,1990,supine,0.263,5.97,0.049,-0.069,0.14
W0200,I001,position_session_001,1990,2000,supine,0.178,-8.78,0.102,-0.008,0.17
W0201,I001,position_session_001,2000,2010,supine,0.242,31.34,0.151,0.119,0.058
W0202,I001,position_session_001,2010,2020,supine,0.325,2.45,0.096,0.016,0.069
W0203,I001,position_session_001,2020,2030,supine,0.21,10.54,0.108,0.15,0.128
W0204,I001,position_session_001,2030,2040,supine,0.298,-2.86,0.094,0.094,0.14
W0205,I001,position_session_001,2040,2050,supine,0.287,-7.27,0.066,0.161,0.024
W0206,I001,position_session_001,2050,2060,supine,0.311,15.03,0.1,0.047,0.124
W0207,I001,position_session_001,2060,2070,supine,0.311,1.52,0.067,0.144,0.133
W0208,I001,position_session_001,2070,2080,supine,0.225,6.91,0.037,-0.097,0.142
W0209,I001,position_session_001,2080,2090,supine,0.188,21.95,0.073,0.008,0.136
W0210,I001,position_session_001,2090,2100,supine,0.114,5.33,0.067,0.08,0.143
W0211,I001,position_session_001,2100,2110,supine,0.205,14.89,0.082,0.08,0.153
W0212,I001,position_session_001,2110,2120,supine,0.243,31.46,0.086,-0.062,0.071
W0213,I001,position_session_001,2120,2130,supine,0.284,12.35,0.083,-0.109,0.094
W0214,I001,position_session_001,2130,2140,supine,0.076,9.29,0.118,0.134,0.138
W0215,I001,position_session_001,2140,2150,supine,0.309,12.85,0.123,0.044,0.099
W0216,I001,position_session_001,2150,2160,supine,0.274,-21.89,0.13,-0.084,0.116
W0217,I001,position_session_001,2160,2170,supine,0.418,9.1,0.074,0.167,0.134
W0218,I001,position_session_001,2170,2180,supine,0.183,20.49,0.0,-0.057,0.095
W0219,I001,position_session_001,2180,2190,supine,0.072,1.91,0.072,0.138,0.118
W0220,I001,position_session_001,2190,2200,supine,0.101,-13.69,0.117,0.191,0.088
W0221,I001,position_session_001,2200,2210,supine,0.282,-10.8,0.0,0.109,0.125
W0222,I001,position_session_001,2210,2220,supine,0.136,5.88,0.082,0.103,0.103
W0223,I001,position_session_001,2220,2230,supine,0.203,5.8,0.057,0.107,0.122
W0224,I001,position_session_001,2230,2240,supine,0.117,3.46,0.094,-0.13,0.126
W0225,I001,position_session_001,2240,2250,supine,0.041,16.06,0.045,0.042,0.082
W0226,I001,position_session_001,2250,2260,supine,0.114,26.54,0.154,-0.022,0.131
W0227,I001,position_session_001,2260,2270,supine,0.261,-9.38,0.044,0.059,0.09
W0228,I001,position_session_001,2270,2280,supine,0.253,8.99,0.073,0.068,0.085
W0229,I001,position_session_001,2280,2290,prone,0.365,-26.13,0.077,-0.063,0.204
W0230,I001,position_session_001,2290,2300,prone,0.199,14.71,0.081,0.043,0.101
W0231,I001,position_session_001,2300,2310,prone,0.324,-5.36,0.119,-0.045,0.172
W0232,I001,position_session_001,2310,2320,prone,0.401,-7.65,0.148,-0.166,0.18
W0233,I001,position_session_001,2320,2330,prone,0.313,-6.78,0.164,-0.118,0.179
W0234,I001,position_session_001,2330,2340,prone,0.362,1.23,0.166,-0.037,0.176
W0235,I001,position_session_001,2340,2350,prone,0.21,-5.14,0.104,-0.141,0.115
W0236,I001,position_session_001,2350,2360,prone,0.294,-1.02,0.215,-0.057,0.132
W0237,I001,position_session_001,2360,2370,prone,0.346,5.31,0.137,-0.03,0.114
W0238,I001,position_session_001,2370,2380,prone,0.169,-3.42,0.084,-0.1,0.166
W0239,I001,position_session_001,2380,2390,prone,0.148,2.26,0.167,-0.005,0.171
W0240,I001,position_session_001,2390,2400,prone,0.323,-21.7,0.167,-0.062,0.104
W0241,I001,position_session_001,2400,2410,prone,0.306,-30.76,0.137,-0.21,0.187
W0242,I001,position_session_001,2410,2420,prone,0.151,-21.25,0.107,-0.115,0.107
W0243,I001,position_session_001,2420,2430,prone,0.262,-25.4,0.141,-0.154,0.151
W0244,I001,position_session_001,2430,2440,prone,0.182,-8.53,0.112,-0.095,0.221
W0245,I001,position_session_001,2440,2450,prone,0.098,8.48,0.198,-0.141,0.202
W0246,I001,position_session_001,2450,2460,prone,0.318,-29.87,0.192,-0.228,0.067
W0247,I001,position_session_001,2460,2470,supine,0.258,3.07,0.122,0.152,0.112
W0248,I001,position_session_001,2470,2480,supine,0.278,0.25,0.049,0.004,0.096
W0249,I001,position_session_001,2480,2490,supine,0.336,-10.3,0.178,-0.122,0.037
W0250,I001,position_session_001,2490,2500,prone,0.416,-19.17,0.173,-0.057,0.14
W0251,I001,position_session_001,2500,2510,prone,0.223,-4.58,0.13,0.19,0.091
W0252,I001,position_session_001,2510,2520,prone,0.238,12.46,0.207,-0.062,0.219
W0253,I001,position_session_001,2520,2530,prone,0.255,6.34,0.087,0.0,0.214
W0254,I001,position_session_001,2530,2540,prone,0.313,-4.62,0.075,-0.061,0.057
W0255,I001,position_session_001,2540,2550,prone,0.294,0.17,0.077,-0.009,0.143
W0256,I001,position_session_001,2550,2560,prone,0.307,-2.93,0.122,-0.082,0.267
W0257,I001,position_session_001,2560,2570,prone,0.165,-12.5,0.159,-0.089,0.207
W0258,I001,position_session_001,2570,2580,prone,0.313,-17.77,0.206,-0.192,0.235
W0259,I001,position_session_001,2580,2590,prone,0.187,-12.09,0.226,-0.141,0.214
W0260,I001,position_session_001,2590,2600,prone,0.183,0.83,0.124,-0.127,0.209
W0261,I001,position_session_001,2600,2610,prone,0.31,-6.8,0.264,-0.182,0.143
W0262,I001,position_session_001,2610,2620,prone,0.228,-26.82,0.122,-0.066,0.152
W0263,I001,position_session_001,2620,2630,prone,0.158,-7.22,0.099,-0.06,0.159
W0264,I001,position_session_001,2630,2640,prone,0.251,1.73,0.127,-0.029,0.183
W0265,I001,position_session_001,2640,2650,prone,0.166,-9.81,0.082,-0.05,0.134
W0266,I001,position_session_001,2650,2660,prone,0.144,-9.83,0.167,-0.079,0.185
W0267,I001,position_session_001,2660,2670,prone,0.329,3.69,0.063,-0.164,0.086
W0268,I001,position_session_001,2670,2680,prone,0.366,1.34,0.153,-0.159,0.138
W0269,I001,position_session_001,2680,2690,prone,0.174,-9.7,0.107,-0.088,0.21
W0270,I001,position_session_001,2690,2700,prone,0.261,-13.78,0.262,-0.054,0.177
W0271,I001,position_session_001,2700,2710,prone,0.377,-8.04,0.119,-0.014,0.213
W0272,I001,position_session_001,2710,2720,prone,0.345,-14.6,0.07,-0.128,0.188
W0273,I001,position_session_001,2720,2730,prone,0.256,-14.11,0.136,-0.018,0.173
W0274,I001,position_session_001,2730,2740,prone,0.218,1.87,0.093,-0.047,0.109
W0275,I001,position_session_001,2740,2750,prone,0.381,-12.34,0.18,-0.128,0.164
W0276,I001,position_session_001,2750,2760,prone,0.345,-7.33,0.157,-0.171,0.205
W0277,I001,position_session_001,2760,2770,prone,0.513,-16.52,0.12,-0.108,0.143
W0278,I001,position_session_001,2770,2780,prone,0.246,-0.36,0.102,0.06,0.052
W0279,I001,position_session_001,2780,2790,prone,0.284,-10.84,0.097,0.04,0.239
W0280,I001,position_session_001,2790,2800,prone,0.305,-18.22,0.07,-0.011,0.224
W0281,I001,position_session_001,2800,2810,prone,0.317,-5.32,0.151,0.057,0.089
W0282,I001,position_session_001,2810,2820,prone,0.295,-3.22,0.138,-0.014,0.176
W0283,I001,position_session_001,2820,2830,prone,0.212,-22.94,0.147,0.047,0.232
W0284,I001,position_session_001,2830,2840,prone,0.288,-16.62,0.144,-0.194,0.27
W0285,I001,position_session_001,2840,2850,prone,0.202,6.19,0.222,-0.121,0.059
W0286,I001,position_session_001,2850,2860,prone,0.291,-11.78,0.125,-0.184,0.158
W0287,I001,position_session_001,2860,2870,prone,0.328,-13.34,0.2,-0.055,0.179
W0288,I001,position_session_001,2870,2880,prone,0.358,-7.51,0.104,-0.236,0.157
W0289,I001,position_session_001,2880,2890,prone,0.391,-0.57,0.116,-0.255,0.185
W0290,I001,position_session_001,2890,2900,prone,0.293,-14.08,0.154,-0.165,0.18
W0291,I001,position_session_001,2900,2910,prone,0.066,-22.3,0.158,-0.173,0.049
W0292,I001,position_session_001,2910,2920,prone,0.218,-1.59,0.263,0.004,0.218
W0293,I001,position_session_001,2920,2930,prone,0.185,-15.61,0.094,-0.035,0.156
W0294,I001,position_session_001,2930,2940,prone,0.302,-14.83,0.176,-0.18,0.299
W0295,I001,position_session_001,2940,2950,prone,0.343,-0.47,0.18,-0.003,0.125
W0296,I001,position_session_001,2950,2960,prone,0.345,-9.27,0.147,-0.104,0.228
W0297,I001,position_session_001,2960,2970,prone,0.211,-27.56,0.136,0.034,0.108
W0298,I001,position_session_001,2970,2980,prone,0.3,5.21,0.17,-0.007,0.164
W0299,I001,position_session_001,2980,2990,prone,0.285,-6.43,0.13,-0.047,0.126
W0300,I001,position_session_001,2990,3000,prone,0.278,-15.15,0.164,-0.15,0.12
W0301,I001,position_session_001,3000,3010,prone,0.271,-8.44,0.103,0.066,0.055
W0302,I001,position_session_001,3010,3020,prone,0.374,-11.47,0.11,-0.191,0.206
W0303,I001,position_session_001,3020,3030,prone,0.264,-8.75,0.055,-0.091,0.151
W0304,I001,position_session_001,3030,3040,prone,0.111,-12.86,0.09,-0.173,0.257
W0305,I001,position_session_001,3040,3050,prone,0.261,-16.25,0.068,-0.102,0.085
W0306,I001,position_session_001,3050,3060,prone,0.358,-8.62,0.203,-0.187,0.145
W0307,I001,position_session_001,3060,3070,prone,0.133,-15.49,0.204,-0.149,0.109
W0308,I001,position_session_001,3070,3080,prone,0.136,-6.97,0.012,0.091,0.176
W0309,I001,position_session_001,3080,3090,prone,0.303,-9.39,0.143,0.08,0.16
W0310,I001,position_session_001,3090,3100,prone,0.293,-20.61,0.092,-0.041,0.258
W0311,I001,position_session_001,3100,3110,prone,0.384,19.01,0.142,-0.124,0.21
W0312,I001,position_session_001,3110,3120,prone,0.236,-15.77,0.117,-0.043,0.022
W0313,I001,position_session_001,3120,3130,prone,0.313,-7.77,0.201,-0.189,0.208
W0314,I001,position_session_001,3130,3140,prone,0.272,-2.1,0.103,-0.126,0.146
W0315,I001,position_session_001,3140,3150,prone,0.271,-25.43,0.231,-0.035,0.359
W0316,I001,position_session_001,3150,3160,prone,0.131,2.09,0.106,0.009,0.261
W0317,I001,position_session_001,3160,3170,prone,0.328,-14.47,0.138,0.054,0.209
W0318,I001,position_session_001,3170,3180,prone,0.203,-15.36,0.129,-0.029,0.172
W0319,I001,position_session_001,3180,3190,prone,0.158,-6.01,0.216,-0.081,0.117
W0320,I001,position_session_001,3190,3200,prone,0.215,-6.76,0.205,-0.206,0.15
W0321,I001,position_session_001,3200,3210,prone,0.307,-5.56,0.16,-0.072,0.21
W0322,I001,position_session_001,3210,3220,prone,0.268,-4.0,0.179,0.006,0.213
W0323,I001,position_session_001,3220,3230,prone,0.303,3.82,0.114,-0.175,0.216
W0324,I001,position_session_001,3230,3240,prone,0.231,-6.97,0.12,-0.145,0.107
W0325,I001,position_session_001,3240,3250,prone,0.257,-15.81,0.068,-0.208,0.139
W0326,I001,position_session_001,3250,3260,prone,0.036,-25.42,0.124,-0.052,0.23
W0327,I001,position_session_001,3260,3270,prone,0.227,-11.38,0.074,-0.097,0.16
W0328,I001,position_session_001,3270,3280,prone,0.244,-8.96,0.14,-0.038,0.208
W0329,I001,position_session_001,3280,3290,prone,0.231,4.36,0.15,-0.136,0.121
W0330,I001,position_session_001,3290,3300,prone,0.295,9.1,0.242,-0.212,0.155
W0331,I001,position_session_001,3300,3310,prone,0.197,5.53,0.102,-0.056,0.163
W0332,I001,position_session_001,3310,3320,prone,0.475,-5.72,0.217,-0.111,0.121
W0333,I001,position_session_001,3320,3330,prone,0.215,6.78,0.17,-0.025,0.138
W0334,I001,position_session_001,3330,3340,prone,0.215,-8.18,0.161,-0.158,0.189
W0335,I001,position_session_001,3340,3350,prone,0.37,6.73,0.15,-0.006,0.226
W0336,I001,position_session_001,3350,3360,sitting,0.443,73.47,0.313,0.777,0.154
W0337,I001,position_session_001,3360,3370,sitting,0.468,73.54,0.194,0.911,0.256
W0338,I001,position_session_001,3370,3380,sitting,0.412,88.07,0.113,0.843,0.15
W0339,I001,position_session_001,3380,3390,sitting,0.236,75.48,0.129,0.811,0.286
W0340,I001,position_session_001,3390,3400,sitting,0.361,85.88,0.238,0.737,0.257
W0341,I001,position_session_001,3400,3410,sitting,0.334,69.91,0.124,0.737,0.214
W0342,I001,position_session_001,3410,3420,sitting,0.494,84.34,0.166,0.672,0.145
W0343,I001,position_session_001,3420,3430,sitting,0.55,71.1,0.205,0.862,0.08
W0344,I001,position_session_001,3430,3440,sitting,0.536,100.83,0.399,0.727,0.124
W0345,I001,position_session_001,3440,3450,sitting,0.515,85.19,0.251,0.689,0.12
W0346,I001,position_session_001,3450,3460,sitting,0.482,72.85,0.181,0.689,0.134
W0347,I001,position_session_001,3460,3470,sitting,0.565,88.9,0.224,0.826,0.214
W0348,I001,position_session_001,3470,3480,sitting,0.229,61.12,0.167,0.764,0.216
W0349,I001,position_session_001,3480,3490,sitting,0.497,84.12,0.188,0.675,0.136
W0350,I001,position_session_001,3490,3500,sitting,0.46,86.76,0.158,0.904,0.229
W0351,I001,position_session_001,3500,3510,sitting,0.463,101.9,0.311,0.78,0.22
W0352,I001,position_session_001,3510,3520,sitting,0.189,70.62,0.246,0.871,0.174
W0353,I001,position_session_001,3520,3530,sitting,0.378,63.69,0.165,0.993,0.19
W0354,I001,position_session_001,3530,3540,sitting,0.396,72.25,0.211,0.86,0.212
W0355,I001,position_session_001,3540,3550,sitting,0.404,99.97,0.156,1.048,0.217
W0356,I001,position_session_001,3550,3560,held,0.805,67.3,0.375,0.313,0.31
W0357,I001,position_session_001,3560,3570,held,0.871,65.17,0.245,0.521,0.341
W0358,I001,position_session_001,3570,3580,held,0.686,69.32,0.201,0.482,0.253
W0359,I001,position_session_001,3580,3590,held,0.676,47.0,0.382,0.574,0.211
W0360,I001,position_session_001,3590,3600,supine,0.102,-1.53,0.075,-0.133,0.065
W0361,I001,position_session_001,3600,3610,supine,0.215,22.45,0.075,0.039,0.095
W0362,I001,position_session_001,3610,3620,supine,0.334,0.32,0.114,0.256,0.06
W0363,I001,position_session_001,3620,3630,supine,0.002,8.41,0.122,0.049,0.082
W0364,I001,position_session_001,3630,3640,supine,0.241,3.92,0.049,-0.046,0.059
W0365,I001,position_session_001,3640,3650,supine,0.129,2.44,0.041,0.07,0.124
W0366,I001,position_session_001,3650,3660,supine,0.052,-13.82,0.075,0.059,0.139
W0367,I001,position_session_001,3660,3670,supine,0.314,4.9,0.094,0.028,0.156
W0368,I001,position_session_001,3670,3680,supine,0.228,5.47,0.04,0.065,0.091
W0369,I001,position_session_001,3680,3690,supine,0.222,-1.49,0.129,0.088,0.153
W0370,I001,position_session_001,3690,3700,supine,0.177,-16.24,0.155,0.01,0.134
W0371,I001,position_session_001,3700,3710,supine,0.282,-6.69,0.062,-0.095,0.083
W0372,I001,position_session_001,3710,3720,supine,0.163,3.25,0.019,0.094,0.116
W0373,I001,position_session_001,3720,3730,supine,0.145,5.7,0.11,0.143,0.02
W0374,I001,position_session_001,3730,3740,supine,0.041,15.38,0.084,0.073,0.07
W0375,I001,position_session_001,3740,3750,supine,0.21,26.05,0.151,-0.096,0.103
W0376,I001,position_session_001,3750,3760,supine,0.197,1.32,0.133,0.064,0.111
W0377,I001,position_session_001,3760,3770,supine,0.164,-1.94,0.08,0.113,0.146
W0378,I001,position_session_001,3770,3780,supine,0.226,1.53,0.089,0.116,0.105
W0379,I001,position_session_001,3780,3790,supine,0.197,2.39,0.006,0.133,0.11
W0380,I001,position_session_001,3790,3800,supine,0.149,16.56,0.094,-0.04,0.08
W0381,I001,position_session_001,3800,3810,supine,0.233,-6.36,0.065,-0.013,0.099
W0382,I001,position_session_001,3810,3820,supine,0.232,13.38,0.065,0.136,0.059
W0383,I001,position_session_001,3820,3830,supine,0.223,16.84,0.041,0.021,0.102
W0384,I001,position_session_001,3830,3840,supine,0.332,-4.95,0.032,0.166,0.078
W0385,I001,position_session_001,3840,3850,supine,0.234,-5.57,0.065,0.024,0.133
W0386,I001,position_session_001,3850,3860,supine,0.108,1.96,0.062,0.102,0.055
W0387,I001,position_session_001,3860,3870,supine,0.205,17.4,0.133,0.096,0.075
W0388,I001,position_session_001,3870,3880,supine,0.251,10.47,0.065,-0.019,0.113
W0389,I001,position_session_001,3880,3890,held,0.645,58.07,0.232,0.354,0.273
W0390,I001,position_session_001,3890,3900,held,0.565,48.13,0.316,0.459,0.313
W0391,I001,position_session_001,3900,3910,held,0.761,89.62,0.451,0.457,0.19
W0392,I001,position_session_001,3910,3920,held,0.629,44.13,0.168,0.516,0.242
W0393,I001,position_session_001,3920,3930,held,0.645,65.22,0.3,0.518,0.137
W0394,I001,position_session_001,3930,3940,held,0.816,65.08,0.409,0.281,0.359
W0395,I001,position_session_001,3940,3950,held,0.833,56.36,0.334,0.203,0.21
W0396,I001,position_session_001,3950,3960,held,0.58,57.97,0.333,0.493,0.194
W0397,I001,position_session_001,3960,3970,held,0.708,60.8,0.322,0.285,0.295
W0398,I001,position_session_001,3970,3980,held,0.541,65.49,0.345,0.196,0.316
W0399,I001,position_session_001,3980,3990,held,0.836,48.71,0.284,0.359,0.232
W0400,I001,position_session_001,3990,4000,held,0.817,58.22,0.318,0.519,0.272
W0401,I001,position_session_001,4000,4010,held,0.743,65.73,0.121,0.218,0.377
W0402,I001,position_session_001,4010,4020,held,0.732,77.52,0.166,0.414,0.343
W0403,I001,position_session_001,4020,4030,held,0.81,47.97,0.26,0.53,0.224
W0404,I001,position_session_001,4030,4040,held,0.895,42.68,0.302,0.486,0.331
W0405,I001,position_session_001,4040,4050,held,0.672,81.48,0.364,0.325,0.398
W0406,I001,position_session_001,4050,4060,held,0.726,53.57,0.366,0.361,0.307
W0407,I001,position_session_001,4060,4070,held,0.68,80.86,0.273,0.539,0.271
W0408,I001,position_session_001,4070,4080,held,0.785,39.81,0.29,0.248,0.339
W0409,I001,position_session_001,4080,4090,held,0.656,86.26,0.256,0.492,0.26
W0410,I001,position_session_001,4090,4100,held,0.7,74.11,0.241,0.448,0.255
W0411,I001,position_session_001,4100,4110,supine,0.189,9.87,0.055,0.1,0.047
W0412,I001,position_session_001,4110,4120,supine,0.203,13.38,0.083,0.024,0.078
W0413,I001,position_session_001,4120,4130,supine,0.172,20.94,0.023,0.153,0.115
W0414,I001,position_session_001,4130,4140,supine,0.164,8.65,0.062,0.085,0.124
W0415,I001,position_session_001,4140,4150,supine,0.208,10.13,0.085,0.188,0.123
W0416,I001,position_session_001,4150,4160,supine,0.291,-0.63,0.035,-0.005,0.103
W0417,I001,position_session_001,4160,4170,supine,0.221,-0.25,0.128,0.116,0.122
W0418,I001,position_session_001,4170,4180,supine,0.225,15.64,0.141,0.078,0.108
W0419,I001,position_session_001,4180,4190,supine,0.205,10.13,0.11,-0.065,0.146
W0420,I001,position_session_001,4190,4200,supine,0.127,24.14,0.026,0.058,0.101
W0421,I001,position_session_001,4200,4210,supine,0.345,-5.01,0.071,0.054,0.073
W0422,I001,position_session_001,4210,4220,supine,0.256,-13.7,0.05,0.111,0.099
W0423,I001,position_session_001,4220,4230,supine,0.0,1.41,0.011,-0.02,0.101
W0424,I001,position_session_001,4230,4240,supine,0.113,2.57,0.11,0.069,0.156
W0425,I001,position_session_001,4240,4250,supine,0.18,-6.41,0.064,0.012,0.106
W0426,I001,position_session_001,4250,4260,supine,0.309,7.77,0.121,0.09,0.06
W0427,I001,position_session_001,4260,4270,supine,0.255,10.57,0.088,0.05,0.037
W0428,I001,position_session_001,4270,4280,supine,0.0,10.9,0.071,-0.019,0.115
W0429,I001,position_session_001,4280,4290,supine,0.223,13.33,0.043,-0.055,0.12
W0430,I001,position_session_001,4290,4300,supine,0.163,13.19,0.105,-0.103,0.129
W0431,I001,position_session_001,4300,4310,supine,0.176,0.4,0.077,0.097,0.1
W0432,I001,position_session_001,4310,4320,supine,0.153,29.26,0.05,0.076,0.14
W0433,I001,position_session_001,4320,4330,supine,0.174,-12.29,0.094,0.139,0.0
W0434,I001,position_session_001,4330,4340,supine,0.167,12.48,0.076,-0.031,0.112
W0435,I001,position_session_001,4340,4350,supine,0.123,-5.37,0.116,0.095,0.128
W0436,I001,position_session_001,4350,4360,supine,0.154,25.85,0.035,0.138,0.123
W0437,I001,position_session_001,4360,4370,supine,0.0,13.25,0.104,0.154,0.054
W0438,I001,position_session_001,4370,4380,supine,0.244,12.86,0.14,0.104,0.069
W0439,I001,position_session_001,4380,4390,supine,0.226,5.58,0.121,0.037,0.065
W0440,I001,position_session_001,4390,4400,supine,0.158,1.97,0.04,-0.072,0.107
W0441,I001,position_session_001,4400,4410,supine,0.211,5.66,0.081,-0.113,0.161
W0442,I001,position_session_001,4410,4420,supine,0.175,-1.56,0.102,0.042,0.167
W0443,I001,position_session_001,4420,4430,supine,0.25,-2.91,0.029,0.021,0.197
W0444,I001,position_session_001,4430,4440,supine,0.186,-0.81,0.063,0.025,0.181
W0445,I001,position_session_001,4440,4450,supine,0.023,1.36,0.103,-0.042,0.079
W0446,I001,position_session_001,4450,4460,supine,0.127,4.58,0.1,0.154,0.134
W0447,I001,position_session_001,4460,4470,supine,0.128,9.68,0.106,0.144,0.022
W0448,I001,position_session_001,4470,4480,supine,0.2,1.46,0.0,-0.053,0.116
W0449,I001,position_session_001,4480,4490,supine,0.106,8.94,0.054,0.014,0.051
W0450,I001,position_session_001,4490,4500,supine,0.301,4.7,0.062,0.112,0.08
W0451,I001,position_session_001,4500,4510,supine,0.177,8.76,0.051,0.072,0.113
W0452,I001,position_session_001,4510,4520,supine,0.268,-0.81,0.126,-0.011,0.093
W0453,I001,position_session_001,4520,4530,supine,0.153,5.95,0.096,0.071,0.071
W0454,I001,position_session_001,4530,4540,supine,0.073,-10.42,0.135,0.032,0.069
W0455,I001,position_session_001,4540,4550,supine,0.261,-12.77,0.044,0.141,0.167
W0456,I001,position_session_001,4550,4560,supine,0.172,14.91,0.028,0.146,0.018
W0457,I001,position_session_001,4560,4570,held,0.701,68.51,0.434,0.289,0.165
W0458,I001,position_session_001,4570,4580,held,0.924,50.73,0.175,0.402,0.417
W0459,I001,position_session_001,4580,4590,held,0.759,78.27,0.244,0.467,0.231
W0460,I001,position_session_001,4590,4600,held,0.612,79.27,0.333,0.541,0.288
W0461,I001,position_session_001,4600,4610,held,0.677,47.64,0.241,0.305,0.261
W0462,I001,position_session_001,4610,4620,held,0.642,83.99,0.271,0.525,0.306
W0463,I001,position_session_001,4620,4630,held,0.743,92.96,0.271,0.308,0.268
W0464,I001,position_session_001,4630,4640,held,0.865,59.78,0.398,0.474,0.387
W0465,I001,position_session_001,4640,4650,held,0.609,70.25,0.321,0.395,0.185
W0466,I001,position_session_001,4650,4660,held,0.762,45.86,0.242,0.344,0.39
W0467,I001,position_session_001,4660,4670,held,0.79,61.72,0.411,0.643,0.242
W0468,I001,position_session_001,4670,4680,held,0.648,70.95,0.258,0.526,0.261
W0469,I001,position_session_001,4680,4690,held,0.785,45.61,0.406,0.62,0.355
W0470,I001,position_session_001,4690,4700,held,0.65,66.03,0.327,0.37,0.301
W0471,I001,position_session_001,4700,4710,held,0.547,65.72,0.378,0.467,0.182
W0472,I001,position_session_001,4710,4720,held,0.606,63.48,0.269,0.61,0.304
W0473,I001,position_session_001,4720,4730,held,0.732,46.39,0.383,0.421,0.245
W0474,I001,position_session_001,4730,4740,held,0.623,68.15,0.366,0.427,0.127
W0475,I001,position_session_001,4740,4750,held,0.637,77.63,0.28,0.229,0.315
W0476,I001,position_session_001,4750,4760,supine,0.072,-12.0,0.123,0.034,0.077
W0477,I001,position_session_001,4760,4770,supine,0.304,8.33,0.094,0.053,0.115
W0478,I001,position_session_001,4770,4780,supine,0.177,23.17,0.042,0.065,0.113
W0479,I001,position_session_001,4780,4790,supine,0.297,14.55,0.119,0.003,0.073
W0480,I001,position_session_001,4790,4800,supine,0.34,5.43,0.109,0.081,0.099
W0481,I001,position_session_001,4800,4810,supine,0.116,28.25,0.065,0.061,0.091
W0482,I001,position_session_001,4810,4820,supine,0.206,-11.1,0.065,-0.079,0.018
W0483,I001,position_session_001,4820,4830,supine,0.079,5.49,0.145,-0.031,0.076
W0484,I001,position_session_001,4830,4840,supine,0.0,-3.87,0.121,0.04,0.15
W0485,I001,position_session_001,4840,4850,supine,0.234,16.03,0.082,-0.059,0.131
W0486,I001,position_session_001,4850,4860,supine,0.207,26.94,0.057,0.205,0.06
W0487,I001,position_session_001,4860,4870,supine,0.205,12.54,0.11,0.124,0.095
W0488,I001,position_session_001,4870,4880,held,0.538,75.0,0.299,0.285,0.174
W0489,I001,position_session_001,4880,4890,held,1.095,64.11,0.395,0.338,0.319
W0490,I001,position_session_001,4890,4900,held,0.761,84.45,0.369,0.648,0.236
W0491,I001,position_session_001,4900,4910,held,0.761,90.9,0.505,0.407,0.277
W0492,I001,position_session_001,4910,4920,held,0.691,84.2,0.309,0.544,0.259
W0493,I001,position_session_001,4920,4930,held,1.025,60.27,0.432,0.289,0.42
W0494,I001,position_session_001,4930,4940,held,0.711,80.37,0.254,0.508,0.246
W0495,I001,position_session_001,4940,4950,held,0.729,37.13,0.32,0.489,0.23
W0496,I001,position_session_001,4950,4960,held,0.831,65.88,0.398,0.37,0.312
W0497,I001,position_session_001,4960,4970,held,0.748,67.34,0.301,0.462,0.339
W0498,I001,position_session_001,4970,4980,held,0.76,46.91,0.269,0.431,0.221
W0499,I001,position_session_001,4980,4990,held,0.799,68.45,0.389,0.505,0.327
W0500,I001,position_session_001,4990,5000,held,0.543,68.22,0.329,0.399,0.292
W0501,I001,position_session_001,5000,5010,held,0.572,75.41,0.319,0.407,0.385
W0502,I001,position_session_001,5010,5020,held,0.641,63.79,0.413,0.488,0.281
W0503,I001,position_session_001,5020,5030,held,0.561,83.61,0.256,0.524,0.341
W0504,I001,position_session_001,5030,5040,held,0.802,74.21,0.214,0.466,0.281
W0505,I001,position_session_001,5040,5050,held,0.679,82.61,0.356,0.369,0.195
W0506,I001,position_session_001,5050,5060,held,0.523,72.46,0.498,0.375,0.348
W0507,I001,position_session_001,5060,5070,held,0.832,51.74,0.317,0.362,0.298
W0508,I001,position_session_001,5070,5080,held,0.72,42.17,0.379,0.578,0.147
W0509,I001,position_session_001,5080,5090,held,0.717,39.01,0.352,0.624,0.246
W0510,I001,position_session_001,5090,5100,held,0.767,78.07,0.336,0.275,0.302
W0511,I001,position_session_001,5100,5110,held,0.82,71.05,0.354,0.385,0.278
W0512,I001,position_session_001,5110,5120,held,0.789,77.78,0.453,0.407,0.27
W0513,I001,position_session_001,5120,5130,held,0.649,47.32,0.25,0.412,0.244
W0514,I001,position_session_001,5130,5140,held,0.906,75.34,0.315,0.359,0.243
W0515,I001,position_session_001,5140,5150,held,0.506,45.52,0.34,0.351,0.432
W0516,I001,position_session_001,5150,5160,held,0.6,66.73,0.315,0.532,0.293
W0517,I001,position_session_001,5160,5170,held,0.535,68.53,0.259,0.341,0.299
W0518,I001,position_session_001,5170,5180,held,0.629,51.94,0.369,0.284,0.238
W0519,I001,position_session_001,5180,5190,held,0.869,42.17,0.459,0.333,0.272
W0520,I001,position_session_001,5190,5200,held,0.704,61.38,0.488,0.448,0.228
W0521,I001,position_session_001,5200,5210,held,0.77,63.4,0.356,0.539,0.209
W0522,I001,position_session_001,5210,5220,held,0.77,77.0,0.245,0.333,0.26
W0523,I001,position_session_001,5220,5230,held,0.563,32.23,0.36,0.552,0.367
W0524,I001,position_session_001,5230,5240,held,0.642,51.93,0.379,0.509,0.312
W0525,I001,position_session_001,5240,5250,held,0.725,62.91,0.334,0.453,0.252
W0526,I001,position_session_001,5250,5260,held,0.757,66.05,0.305,0.508,0.272
W0527,I001,position_session_001,5260,5270,held,0.455,56.71,0.412,0.307,0.379
W0528,I001,position_session_001,5270,5280,held,0.543,59.99,0.307,0.597,0.277
W0529,I001,position_session_001,5280,5290,held,0.674,46.45,0.48,0.327,0.254
W0530,I001,position_session_001,5290,5300,held,0.43,70.15,0.257,0.646,0.225
W0531,I001,position_session_001,5300,5310,held,0.633,74.81,0.217,0.432,0.311
W0532,I001,position_session_001,5310,5320,held,0.778,46.86,0.09,0.365,0.212
W0533,I001,position_session_001,5320,5330,held,0.752,100.79,0.372,0.618,0.295
W0534,I001,position_session_001,5330,5340,held,0.712,75.11,0.268,0.455,0.231
W0535,I001,position_session_001,5340,5350,held,0.82,50.18,0.314,0.462,0.264
W0536,I001,position_session_001,5350,5360,held,0.74,97.36,0.229,0.486,0.34
W0537,I001,position_session_001,5360,5370,held,0.441,78.21,0.18,0.398,0.39
W0538,I001,position_session_001,5370,5380,sitting,0.479,89.43,0.167,0.742,0.155
W0539,I001,position_session_001,5380,5390,sitting,0.517,100.8,0.2,0.742,0.174
W0540,I001,position_session_001,5390,5400,sitting,0.36,69.66,0.185,1.12,0.203
W0541,I001,position_session_001,5400,5410,sitting,0.272,73.26,0.216,0.82,0.228
W0542,I001,position_session_001,5410,5420,sitting,0.592,83.75,0.263,0.899,0.278
W0543,I001,position_session_001,5420,5430,sitting,0.412,98.99,0.286,0.84,0.131
W0544,I001,position_session_001,5430,5440,sitting,0.301,77.86,0.201,0.743,0.236
W0545,I001,position_session_001,5440,5450,sitting,0.616,86.24,0.32,1.055,0.151
W0546,I001,position_session_001,5450,5460,sitting,0.61,103.22,0.318,0.851,0.134
W0547,I001,position_session_001,5460,5470,sitting,0.516,92.67,0.208,0.794,0.16
W0548,I001,position_session_001,5470,5480,sitting,0.444,69.46,0.096,1.018,0.232
W0549,I001,position_session_001,5480,5490,sitting,0.379,68.76,0.219,0.985,0.248
W0550,I001,position_session_001,5490,5500,sitting,0.396,97.35,0.267,0.802,0.122
W0551,I001,position_session_001,5500,5510,sitting,0.303,72.78,0.279,0.956,0.211
W0552,I001,position_session_001,5510,5520,sitting,0.39,85.2,0.149,0.956,0.065
W0553,I001,position_session_001,5520,5530,sitting,0.402,81.46,0.22,0.713,0.175
W0554,I001,position_session_001,5530,5540,sitting,0.511,90.57,0.136,0.5,0.125
W0555,I001,position_session_001,5540,5550,sitting,0.458,75.02,0.111,0.838,0.155
W0556,I001,position_session_001,5550,5560,sitting,0.477,90.37,0.111,0.648,0.3
W0557,I001,position_session_001,5560,5570,sitting,0.24,79.7,0.205,0.892,0.177
W0558,I001,position_session_001,5570,5580,sitting,0.427,79.24,0.214,0.759,0.12
W0559,I001,position_session_001,5580,5590,sitting,0.414,73.2,0.207,0.737,0.245
W0560,I001,position_session_001,5590,5600,sitting,0.374,70.78,0.165,0.725,0.192
W0561,I001,position_session_001,5600,5610,sitting,0.555,85.93,0.188,0.76,0.143
W0562,I001,position_session_001,5610,5620,sitting,0.387,62.34,0.212,0.871,0.125
W0563,I001,position_session_001,5620,5630,sitting,0.321,93.64,0.223,0.837,0.111
W0564,I001,position_session_001,5630,5640,sitting,0.498,86.0,0.252,0.79,0.167
W0565,I001,position_session_001,5640,5650,sitting,0.476,73.58,0.255,0.927,0.102
W0566,I001,position_session_001,5650,5660,sitting,0.368,80.71,0.23,0.783,0.134
W0567,I001,position_session_001,5660,5670,sitting,0.462,88.59,0.208,0.803,0.107
W0568,I001,position_session_001,5670,5680,sitting,0.457,90.88,0.15,1.044,0.224
W0569,I001,position_session_001,5680,5690,sitting,0.362,77.95,0.242,0.851,0.269
W0570,I001,position_session_001,5690,5700,sitting,0.144,77.09,0.149,0.754,0.133
W0571,I001,position_session_001,5700,5710,sitting,0.247,57.6,0.177,0.933,0.154
W0572,I001,position_session_001,5710,5720,sitting,0.321,84.7,0.159,0.916,0.169
W0573,I001,position_session_001,5720,5730,held,0.756,63.44,0.365,0.46,0.39
W0574,I001,position_session_001,5730,5740,held,0.722,67.52,0.249,0.433,0.37
W0575,I001,position_session_001,5740,5750,held,0.697,55.15,0.253,0.374,0.278
W0576,I001,position_session_001,5750,5760,held,0.676,63.67,0.323,0.509,0.245
W0577,I001,position_session_001,5760,5770,held,0.728,68.26,0.337,0.5,0.303
W0578,I001,position_session_001,5770,5780,held,0.931,69.85,0.163,0.581,0.321
W0579,I001,position_session_001,5780,5790,held,0.593,60.41,0.28,0.558,0.173
W0580,I001,position_session_001,5790,5800,held,0.875,47.54,0.231,0.461,0.269
W0581,I001,position_session_001,5800,5810,supine,0.192,16.24,0.056,0.11,0.097
W0582,I001,position_session_001,5810,5820,supine,0.051,0.77,0.119,0.018,0.064
W0583,I001,position_session_001,5820,5830,supine,0.128,6.68,0.079,0.292,0.1
W0584,I001,position_session_001,5830,5840,supine,0.199,6.64,0.084,0.135,0.07
W0585,I001,position_session_001,5840,5850,supine,0.264,8.23,0.065,0.107,0.111
W0586,I001,position_session_001,5850,5860,supine,0.207,5.22,0.065,0.016,0.131
W0587,I001,position_session_001,5860,5870,supine,0.181,16.41,0.086,0.14,0.158
W0588,I001,position_session_001,5870,5880,supine,0.138,3.89,0.075,0.036,0.071
W0589,I001,position_session_001,5880,5890,supine,0.053,-8.91,0.084,0.041,0.037
W0590,I001,position_session_001,5890,5900,supine,0.199,6.67,0.058,0.077,0.102
W0591,I001,position_session_001,5900,5910,supine,0.144,-16.96,0.084,-0.0,0.079
W0592,I001,position_session_001,5910,5920,supine,0.151,-11.67,0.063,0.105,0.061
W0593,I001,position_session_001,5920,5930,supine,0.199,12.43,0.077,0.03,0.015
W0594,I001,position_session_001,5930,5940,supine,0.248,0.98,0.105,0.18,0.016
W0595,I001,position_session_001,5940,5950,supine,0.257,2.87,0.076,-0.071,0.048
W0596,I001,position_session_001,5950,5960,supine,0.19,-10.65,0.029,-0.121,0.149
W0597,I001,position_session_001,5960,5970,supine,0.125,-11.6,0.164,0.007,0.162
W0598,I001,position_session_001,5970,5980,supine,0.217,16.3,0.135,0.173,0.11
W0599,I001,position_session_001,5980,5990,supine,0.108,-4.04,0.066,0.028,0.153
W0600,I001,position_session_001,5990,6000,supine,0.25,6.68,0.125,0.127,0.089
W0601,I001,position_session_001,6000,6010,supine,0.236,4.35,0.205,0.024,0.12
W0602,I001,position_session_001,6010,6020,supine,0.191,7.95,0.085,0.061,0.193
W0603,I001,position_session_001,6020,6030,supine,0.225,6.48,0.052,-0.051,0.162
W0604,I001,position_session_001,6030,6040,supine,0.311,7.32,0.067,0.049,0.075
W0605,I001,position_session_001,6040,6050,supine,0.188,8.27,0.123,-0.111,0.102
W0606,I001,position_session_001,6050,6060,supine,0.194,16.57,0.156,0.018,0.147
W0607,I001,position_session_001,6060,6070,supine,0.231,13.63,0.153,-0.033,0.113
W0608,I001,position_session_001,6070,6080,supine,0.054,7.36,0.022,-0.037,0.078
W0609,I001,position_session_001,6080,6090,supine,0.325,8.26,0.085,0.088,0.123
W0610,I001,position_session_001,6090,6100,supine,0.176,-0.44,0.158,0.082,0.075
W0611,I001,position_session_001,6100,6110,supine,0.192,-7.33,0.079,-0.035,0.059
W0612,I001,position_session_001,6110,6120,supine,0.081,4.0,0.126,-0.018,0.132
W0613,I001,position_session_001,6120,6130,supine,0.041,15.71,0.105,-0.078,0.047
W0614,I001,position_session_001,6130,6140,supine,0.168,0.26,0.0,0.036,0.066
W0615,I001,position_session_001,6140,6150,supine,0.238,-3.49,0.066,-0.002,0.109
W0616,I001,position_session_001,6150,6160,supine,0.107,-4.15,0.031,0.05,0.126
W0617,I001,position_session_001,6160,6170,supine,0.299,8.02,0.099,0.148,0.147
W0618,I001,position_session_001,6170,6180,supine,0.166,24.16,0.055,0.077,0.006
W0619,I001,position_session_001,6180,6190,supine,0.137,-0.14,0.041,0.046,0.054
W0620,I001,position_session_001,6190,6200,supine,0.179,-1.3,0.084,0.093,0.101
W0621,I001,position_session_001,6200,6210,supine,0.152,4.62,0.041,0.087,0.048
W0622,I001,position_session_001,6210,6220,supine,0.175,-2.51,0.132,0.14,0.105
W0623,I001,position_session_001,6220,6230,supine,0.199,25.7,0.042,-0.044,0.095
W0624,I001,position_session_001,6230,6240,supine,0.284,-0.58,0.176,0.001,0.109
W0625,I001,position_session_001,6240,6250,supine,0.192,3.23,0.071,0.152,0.049
W0626,I001,position_session_001,6250,6260,supine,0.0,-4.71,0.08,0.011,0.094
W0627,I001,position_session_001,6260,6270,supine,0.328,3.26,0.09,0.132,0.073
W0628,I001,position_session_001,6270,6280,supine,0.252,-5.44,0.123,0.087,0.067
W0629,I001,position_session_001,6280,6290,supine,0.151,9.25,0.129,0.075,0.135
W0630,I001,position_session_001,6290,6300,supine,0.029,0.15,0.056,0.211,0.085
W0631,I001,position_session_001,6300,6310,supine,0.012,31.27,0.034,0.106,0.115
W0632,I001,position_session_001,6310,6320,supine,0.145,-6.15,0.135,0.075,0.128
W0633,I001,position_session_001,6320,6330,supine,0.295,-0.65,0.118,0.003,0.085
W0634,I001,position_session_001,6330,6340,supine,0.086,0.73,0.076,0.039,0.063
W0635,I001,position_session_001,6340,6350,supine,0.258,7.49,0.129,0.04,0.117
W0636,I001,position_session_001,6350,6360,supine,0.105,-0.2,0.063,0.04,0.034
W0637,I001,position_session_001,6360,6370,prone,0.42,-12.78,0.12,-0.023,0.119
W0638,I001,position_session_001,6370,6380,prone,0.171,-0.96,0.194,-0.15,0.165
W0639,I001,position_session_001,6380,6390,prone,0.269,-4.8,0.101,-0.051,0.144
W0640,I001,position_session_001,6390,6400,prone,0.277,-5.48,0.071,0.031,0.201
W0641,I001,position_session_001,6400,6410,prone,0.249,1.32,0.14,-0.139,0.194
W0642,I001,position_session_001,6410,6420,prone,0.175,-6.4,0.142,-0.049,0.222
W0643,I001,position_session_001,6420,6430,prone,0.42,-37.88,0.2,-0.117,0.219
W0644,I001,position_session_001,6430,6440,prone,0.234,-28.66,0.127,-0.145,0.21
W0645,I001,position_session_001,6440,6450,prone,0.334,-1.52,0.205,-0.061,0.116
W0646,I001,position_session_001,6450,6460,prone,0.318,-17.4,0.17,0.041,0.229
W0647,I001,position_session_001,6460,6470,prone,0.373,6.14,0.053,-0.042,0.115
W0648,I001,position_session_001,6470,6480,prone,0.29,-6.38,0.157,-0.131,0.181
W0649,I001,position_session_001,6480,6490,prone,0.304,-1.99,0.112,-0.077,0.194
W0650,I001,position_session_001,6490,6500,prone,0.274,2.48,0.104,-0.084,0.195
W0651,I001,position_session_001,6500,6510,prone,0.326,-15.51,0.157,-0.026,0.198
W0652,I001,position_session_001,6510,6520,prone,0.332,-1.43,0.213,-0.168,0.098
W0653,I001,position_session_001,6520,6530,prone,0.326,8.95,0.269,-0.097,0.213
W0654,I001,position_session_001,6530,6540,prone,0.094,-0.21,0.087,-0.011,0.26
W0655,I001,position_session_001,6540,6550,prone,0.294,-32.31,0.165,0.022,0.217
W0656,I001,position_session_001,6550,6560,prone,0.252,-17.48,0.276,-0.096,0.182
W0657,I001,position_session_001,6560,6570,prone,0.41,-2.4,0.135,-0.109,0.197
W0658,I001,position_session_001,6570,6580,prone,0.299,-15.57,0.124,-0.153,0.14
W0659,I001,position_session_001,6580,6590,prone,0.315,-9.02,0.165,0.005,0.21
W0660,I001,position_session_001,6590,6600,prone,0.159,-0.55,0.17,0.024,0.227
W0661,I001,position_session_001,6600,6610,prone,0.333,-16.19,0.227,-0.062,0.138
W0662,I001,position_session_001,6610,6620,prone,0.308,-2.59,0.038,-0.166,0.033
W0663,I001,position_session_001,6620,6630,prone,0.287,-14.63,0.232,-0.071,0.154
W0664,I001,position_session_001,6630,6640,prone,0.242,-21.77,0.063,-0.145,0.212
W0665,I001,position_session_001,6640,6650,sitting,0.488,106.33,0.202,0.91,0.13
W0666,I001,position_session_001,6650,6660,sitting,0.431,79.02,0.2,0.783,0.139
W0667,I001,position_session_001,6660,6670,sitting,0.345,104.34,0.272,0.85,0.236
W0668,I001,position_session_001,6670,6680,sitting,0.503,63.23,0.153,0.866,0.257
W0669,I001,position_session_001,6680,6690,sitting,0.524,90.78,0.143,0.897,0.194
W0670,I001,position_session_001,6690,6700,sitting,0.405,98.04,0.223,0.829,0.171
W0671,I001,position_session_001,6700,6710,sitting,0.451,84.79,0.223,0.832,0.181
W0672,I001,position_session_001,6710,6720,sitting,0.35,82.6,0.155,0.79,0.21
W0673,I001,position_session_001,6720,6730,sitting,0.469,86.67,0.13,0.855,0.177
W0674,I001,position_session_001,6730,6740,sitting,0.515,104.27,0.219,0.726,0.161
W0675,I001,position_session_001,6740,6750,sitting,0.519,108.18,0.166,0.705,0.263
W0676,I001,position_session_001,6750,6760,sitting,0.333,105.6,0.231,0.802,0.219
W0677,I001,position_session_001,6760,6770,sitting,0.539,84.91,0.286,0.838,0.076
W0678,I001,position_session_001,6770,6780,sitting,0.318,65.09,0.283,1.085,0.123
W0679,I001,position_session_001,6780,6790,held,0.676,57.42,0.335,0.634,0.263
W0680,I001,position_session_001,6790,6800,held,0.795,59.36,0.29,0.464,0.202
W0681,I001,position_session_001,6800,6810,held,0.776,77.86,0.296,0.581,0.277
W0682,I001,position_session_001,6810,6820,held,0.599,81.22,0.462,0.536,0.288
W0683,I001,position_session_001,6820,6830,held,0.634,83.22,0.41,0.357,0.304
W0684,I001,position_session_001,6830,6840,held,0.759,61.9,0.304,0.442,0.35
W0685,I001,position_session_001,6840,6850,held,0.571,56.48,0.343,0.46,0.311
W0686,I001,position_session_001,6850,6860,held,0.656,82.97,0.37,0.387,0.276
W0687,I001,position_session_001,6860,6870,held,0.619,82.77,0.23,0.648,0.259
W0688,I001,position_session_001,6870,6880,held,0.641,67.5,0.441,0.545,0.343
W0689,I001,position_session_001,6880,6890,held,0.703,73.88,0.445,0.323,0.226
W0690,I001,position_session_001,6890,6900,held,0.885,71.64,0.314,0.51,0.105
W0691,I001,position_session_001,6900,6910,held,0.706,36.46,0.273,0.543,0.28
W0692,I001,position_session_001,6910,6920,held,0.734,68.93,0.333,0.422,0.267
W0693,I001,position_session_001,6920,6930,held,0.759,72.83,0.402,0.439,0.248
W0694,I001,position_session_001,6930,6940,held,0.592,73.82,0.394,0.383,0.236
W0695,I001,position_session_001,6940,6950,held,0.441,67.19,0.442,0.661,0.158
W0696,I001,position_session_001,6950,6960,held,0.745,89.83,0.414,0.33,0.203
W0697,I001,position_session_001,6960,6970,held,0.748,49.25,0.448,0.503,0.284
W0698,I001,position_session_001,6970,6980,supine,0.26,0.56,0.12,0.078,0.095
W0699,I001,position_session_001,6980,6990,supine,0.082,19.51,0.085,0.191,0.098
W0700,I001,position_session_001,6990,7000,supine,0.262,2.69,0.185,0.104,0.17
W0701,I001,position_session_001,7000,7010,supine,0.238,9.94,0.054,0.045,0.112
W0702,I001,position_session_001,7010,7020,supine,0.177,-3.27,0.094,-0.052,0.156
W0703,I001,position_session_001,7020,7030,supine,0.067,-6.91,0.056,0.063,0.081
W0704,I001,position_session_001,7030,7040,supine,0.19,2.84,0.108,-0.023,0.092
W0705,I001,position_session_001,7040,7050,supine,0.018,4.0,0.023,0.053,0.129
W0706,I001,position_session_001,7050,7060,supine,0.216,-5.15,0.077,0.092,0.118
W0707,I001,position_session_001,7060,7070,supine,0.238,-14.55,0.069,-0.005,0.156
W0708,I001,position_session_001,7070,7080,supine,0.153,5.99,0.141,0.127,0.119
W0709,I001,position_session_001,7080,7090,supine,0.153,0.59,0.13,0.134,0.122
W0710,I001,position_session_001,7090,7100,supine,0.196,9.82,0.119,-0.002,0.022
W0711,I001,position_session_001,7100,7110,supine,0.243,18.22,0.089,0.044,0.175
W0712,I001,position_session_001,7110,7120,supine,0.216,27.15,0.135,0.027,0.076
W0713,I001,position_session_001,7120,7130,supine,0.124,19.17,0.134,-0.007,0.148
W0714,I001,position_session_001,7130,7140,supine,0.124,-0.1,0.048,0.0,0.08
W0715,I001,position_session_001,7140,7150,supine,0.0,2.14,0.158,0.075,0.152
W0716,I001,position_session_001,7150,7160,supine,0.179,14.72,0.054,-0.051,0.076
W0717,I001,position_session_001,7160,7170,supine,0.194,13.64,0.081,0.009,0.086
W0718,I001,position_session_001,7170,7180,supine,0.052,0.86,0.018,0.09,0.111
W0719,I001,position_session_001,7180,7190,supine,0.245,13.42,0.057,0.02,0.086
W0720,I001,position_session_001,7190,7200,supine,0.245,-15.99,0.182,0.063,0.073
W0721,I001,position_session_001,7200,7210,supine,0.127,6.42,0.137,0.12,0.07
W0722,I001,position_session_001,7210,7220,supine,0.117,-8.42,0.088,0.125,0.102
W0723,I001,position_session_001,7220,7230,supine,0.235,9.73,0.141,-0.098,0.113
W0724,I001,position_session_001,7230,7240,supine,0.189,6.77,0.107,-0.076,0.126
W0725,I001,position_session_001,7240,7250,supine,0.207,13.51,0.11,0.077,0.082
W0726,I001,position_session_001,7250,7260,supine,0.259,6.68,0.079,0.229,0.16
W0727,I001,position_session_001,7260,7270,supine,0.146,-4.03,0.098,0.029,0.095
W0728,I001,position_session_001,7270,7280,supine,0.121,20.0,0.134,0.056,0.106
W0729,I001,position_session_001,7280,7290,supine,0.006,-9.93,0.12,0.061,0.17
W0730,I001,position_session_001,7290,7300,supine,0.144,1.9,0.068,-0.054,0.124
W0731,I001,position_session_001,7300,7310,supine,0.156,-7.89,0.068,-0.017,0.044
W0732,I001,position_session_001,7310,7320,supine,0.134,-10.77,0.072,0.039,0.031
W0733,I001,position_session_001,7320,7330,supine,0.218,15.97,0.097,0.125,0.115
W0734,I001,position_session_001,7330,7340,supine,0.266,2.62,0.067,0.06,0.034
W0735,I001,position_session_001,7340,7350,supine,0.183,-0.97,0.075,0.115,0.099
W0736,I001,position_session_001,7350,7360,supine,0.049,10.93,0.056,0.067,0.065
W0737,I001,position_session_001,7360,7370,supine,0.143,-7.48,0.085,0.146,0.114
W0738,I001,position_session_001,7370,7380,supine,0.249,5.74,0.135,-0.073,0.132
W0739,I001,position_session_001,7380,7390,supine,0.234,-8.53,0.052,0.081,0.1
W0740,I001,position_session_001,7390,7400,supine,0.206,2.97,0.106,0.111,0.112
W0741,I001,position_session_001,7400,7410,supine,0.137,6.22,0.125,-0.083,0.088
W0742,I001,position_session_001,7410,7420,supine,0.233,10.6,0.074,0.025,0.125
W0743,I001,position_session_001,7420,7430,supine,0.173,12.22,0.01,0.128,0.077
W0744,I001,position_session_001,7430,7440,supine,0.17,-7.6,0.075,-0.031,0.105
W0745,I001,position_session_001,7440,7450,supine,0.22,13.03,0.139,0.022,0.086
W0746,I001,position_session_001,7450,7460,supine,0.145,10.67,0.11,0.075,0.064
W0747,I001,position_session_001,7460,7470,supine,0.019,7.51,0.113,0.1,0.1
W0748,I001,position_session_001,7470,7480,supine,0.196,8.46,0.127,0.088,0.17
W0749,I001,position_session_001,7480,7490,supine,0.106,-1.47,0.128,0.066,0.035
W0750,I001,position_session_001,7490,7500,supine,0.092,10.45,0.101,0.125,0.069
W0751,I001,position_session_001,7500,7510,supine,0.192,13.26,0.056,0.033,0.082
W0752,I001,position_session_001,7510,7520,supine,0.147,4.1,0.042,0.144,0.141
W0753,I001,position_session_001,7520,7530,supine,0.243,12.7,0.093,0.072,0.135
W0754,I001,position_session_001,7530,7540,supine,0.154,16.66,0.139,0.045,0.069
W0755,I001,position_session_001,7540,7550,supine,0.165,-1.67,0.088,-0.009,0.156
W0756,I001,position_session_001,7550,7560,supine,0.075,9.43,0.112,-0.045,0.064
W0757,I001,position_session_001,7560,7570,supine,0.251,1.43,0.103,-0.056,0.05
W0758,I001,position_session_001,7570,7580,supine,0.334,28.73,0.055,0.077,0.11
W0759,I001,position_session_001,7580,7590,supine,0.233,7.1,0.113,-0.022,0.039
W0760,I001,position_session_001,7590,7600,supine,0.275,11.64,0.038,0.023,0.0
W0761,I001,position_session_001,7600,7610,supine,0.116,-4.57,0.151,-0.098,0.099
W0762,I001,position_session_001,7610,7620,supine,0.177,10.68,0.037,0.016,0.152
W0763,I001,position_session_001,7620,7630,supine,0.178,-15.05,0.083,-0.055,0.102
W0764,I001,position_session_001,7630,7640,supine,0.194,-13.44,0.065,0.038,0.174
W0765,I001,position_session_001,7640,7650,supine,0.108,14.76,0.03,-0.207,0.116
W0766,I001,position_session_001,7650,7660,supine,0.189,6.42,0.101,0.034,0.126
W0767,I001,position_session_001,7660,7670,supine,0.278,2.09,0.073,0.096,0.12
W0768,I001,position_session_001,7670,7680,supine,0.212,0.74,0.068,-0.024,0.082
W0769,I001,position_session_001,7680,7690,held,0.746,78.64,0.377,0.465,0.349
W0770,I001,position_session_001,7690,7700,held,0.759,50.96,0.304,0.366,0.317
W0771,I001,position_session_001,7700,7710,held,0.767,76.77,0.411,0.491,0.252
W0772,I001,position_session_001,7710,7720,held,0.66,57.55,0.333,0.453,0.269
W0773,I001,position_session_001,7720,7730,held,0.757,46.67,0.369,0.403,0.254
W0774,I001,position_session_001,7730,7740,held,0.624,53.18,0.336,0.301,0.266
W0775,I001,position_session_001,7740,7750,held,0.751,39.03,0.203,0.556,0.311
W0776,I001,position_session_001,7750,7760,held,0.642,81.01,0.281,0.393,0.205
W0777,I001,position_session_001,7760,7770,held,0.724,66.68,0.41,0.315,0.203
W0778,I001,position_session_001,7770,7780,held,0.712,76.9,0.261,0.566,0.256
W0779,I001,position_session_001,7780,7790,held,0.756,49.06,0.27,0.409,0.287
W0780,I001,position_session_001,7790,7800,held,0.657,35.06,0.254,0.427,0.284
W0781,I001,position_session_001,7800,7810,held,0.792,68.04,0.345,0.539,0.242
W0782,I001,position_session_001,7810,7820,held,0.709,24.38,0.353,0.449,0.3
W0783,I001,position_session_001,7820,7830,held,0.476,64.33,0.211,0.342,0.233
W0784,I001,position_session_001,7830,7840,held,0.67,43.08,0.419,0.514,0.214
W0785,I001,position_session_001,7840,7850,held,0.752,95.96,0.379,0.565,0.295
W0786,I001,position_session_001,7850,7860,held,0.764,57.33,0.306,0.733,0.297
W0787,I001,position_session_001,7860,7870,held,0.621,42.54,0.412,0.412,0.265
W0788,I001,position_session_001,7870,7880,held,0.493,61.24,0.497,0.376,0.132
W0789,I001,position_session_001,7880,7890,held,0.826,61.64,0.445,0.53,0.269
W0790,I001,position_session_001,7890,7900,held,0.66,74.99,0.36,0.585,0.185
W0791,I001,position_session_001,7900,7910,held,0.594,72.63,0.265,0.718,0.383
W0792,I001,position_session_001,7910,7920,held,0.666,75.85,0.539,0.455,0.391
W0793,I001,position_session_001,7920,7930,held,0.738,83.8,0.421,0.515,0.214
W0794,I001,position_session_001,7930,7940,held,0.761,55.44,0.381,0.489,0.177
W0795,I001,position_session_001,7940,7950,held,0.893,62.33,0.371,0.347,0.121
W0796,I001,position_session_001,7950,7960,held,0.594,87.35,0.324,0.434,0.24
W0797,I001,position_session_001,7960,7970,supine,0.224,-0.48,0.115,0.126,0.086
W0798,I001,position_session_001,7970,7980,supine,0.188,-7.42,0.093,-0.047,0.083
W0799,I001,position_session_001,7980,7990,supine,0.155,12.01,0.104,0.079,0.079
W0800,I001,position_session_001,7990,8000,supine,0.232,13.81,0.008,0.064,0.121
W0801,I001,position_session_001,8000,8010,supine,0.303,-2.04,0.069,0.106,0.104
W0802,I001,position_session_001,8010,8020,supine,0.198,6.06,0.126,0.065,0.112
W0803,I001,position_session_001,8020,8030,supine,0.034,20.05,0.111,0.055,0.078
W0804,I001,position_session_001,8030,8040,supine,0.18,0.33,0.071,-0.06,0.186
W0805,I001,position_session_001,8040,8050,supine,0.347,18.89,0.169,0.079,0.084
W0806,I001,position_session_001,8050,8060,supine,0.192,1.47,0.125,0.128,0.1
W0807,I001,position_session_001,8060,8070,supine,0.325,20.13,0.099,-0.056,0.167
W0808,I001,position_session_001,8070,8080,supine,0.225,5.99,0.146,0.077,0.092
W0809,I001,position_session_001,8080,8090,supine,0.151,6.05,0.138,-0.001,0.109
W0810,I001,position_session_001,8090,8100,supine,0.295,12.59,0.109,0.25,0.095
W0811,I001,position_session_001,8100,8110,supine,0.07,22.76,0.078,-0.06,0.023
W0812,I001,position_session_001,8110,8120,supine,0.115,4.67,0.093,0.164,0.073
W0813,I001,position_session_001,8120,8130,supine,0.144,2.23,0.051,0.181,0.12
W0814,I001,position_session_001,8130,8140,supine,0.076,18.44,0.036,-0.055,0.089
W0815,I001,position_session_001,8140,8150,supine,0.295,-12.62,0.072,0.131,0.167
W0816,I001,position_session_001,8150,8160,supine,0.188,17.47,0.052,-0.046,0.105
W0817,I001,position_session_001,8160,8170,supine,0.037,3.84,0.116,0.06,0.151
W0818,I001,position_session_001,8170,8180,supine,0.0,18.61,0.101,-0.073,0.108
W0819,I001,position_session_001,8180,8190,supine,0.218,8.05,0.107,0.111,0.081
W0820,I001,position_session_001,8190,8200,supine,0.173,6.31,0.05,0.008,0.034
W0821,I001,position_session_001,8200,8210,supine,0.289,7.0,0.145,-0.162,0.093
W0822,I001,position_session_001,8210,8220,supine,0.137,26.28,0.124,-0.006,0.118
W0823,I001,position_session_001,8220,8230,supine,0.297,2.57,0.086,0.077,0.105
W0824,I001,position_session_001,8230,8240,supine,0.348,2.58,0.133,0.029,0.094
W0825,I001,position_session_001,8240,8250,supine,0.122,7.92,0.074,0.06,0.062
W0826,I001,position_session_001,8250,8260,supine,0.22,-4.02,0.045,0.036,0.042
W0827,I001,position_session_001,8260,8270,supine,0.187,2.34,0.057,0.103,0.161
W0828,I001,position_session_001,8270,8280,prone,0.256,-9.64,0.204,-0.065,0.221
W0829,I001,position_session_001,8280,8290,prone,0.205,-0.99,0.196,-0.225,0.209
W0830,I001,position_session_001,8290,8300,prone,0.295,-7.67,0.212,-0.28,0.194
W0831,I001,position_session_001,8300,8310,prone,0.343,9.06,0.158,-0.127,0.21
W0832,I001,position_session_001,8310,8320,prone,0.238,-2.35,0.136,-0.058,0.199
W0833,I001,position_session_001,8320,8330,prone,0.367,-3.32,0.108,-0.027,0.113
W0834,I001,position_session_001,8330,8340,prone,0.315,-18.65,0.159,-0.047,0.224
W0835,I001,position_session_001,8340,8350,prone,0.312,-15.65,0.156,-0.174,0.12
W0836,I001,position_session_001,8350,8360,prone,0.336,-0.27,0.17,-0.057,0.153
W0837,I001,position_session_001,8360,8370,prone,0.391,-15.87,0.105,-0.09,0.21
W0838,I001,position_session_001,8370,8380,prone,0.251,-13.79,0.121,-0.088,0.195
W0839,I001,position_session_001,8380,8390,prone,0.332,-14.89,0.166,-0.118,0.1
W0840,I001,position_session_001,8390,8400,prone,0.233,-9.0,0.177,0.01,0.232
W0841,I001,position_session_001,8400,8410,prone,0.309,-3.69,0.151,-0.087,0.139
W0842,I001,position_session_001,8410,8420,prone,0.28,-1.24,0.198,-0.195,0.183
W0843,I001,position_session_001,8420,8430,prone,0.119,-4.74,0.177,0.007,0.075
W0844,I001,position_session_001,8430,8440,supine,0.222,6.54,0.068,0.118,0.076
W0845,I001,position_session_001,8440,8450,supine,0.182,28.16,0.111,0.15,0.106
W0846,I001,position_session_001,8450,8460,supine,0.328,9.38,0.079,0.123,0.064
W0847,I001,position_session_001,8460,8470,prone,0.203,-4.75,0.158,0.08,0.199
W0848,I001,position_session_001,8470,8480,prone,0.221,-14.35,0.172,-0.138,0.207
W0849,I001,position_session_001,8480,8490,prone,0.354,-15.09,0.074,-0.105,0.109
W0850,I001,position_session_001,8490,8500,prone,0.241,-4.18,0.055,-0.149,0.153
W0851,I001,position_session_001,8500,8510,prone,0.223,-3.97,0.157,-0.17,0.165
W0852,I001,position_session_001,8510,8520,prone,0.285,-6.95,0.124,0.042,0.173
W0853,I001,position_session_001,8520,8530,prone,0.398,-5.43,0.096,0.029,0.134
W0854,I001,position_session_001,8530,8540,prone,0.362,1.01,0.129,0.198,0.176
W0855,I001,position_session_001,8540,8550,prone,0.399,-7.82,0.16,-0.011,0.127
W0856,I001,position_session_001,8550,8560,prone,0.271,-8.06,0.177,-0.051,0.172
W0857,I001,position_session_001,8560,8570,prone,0.334,-15.14,0.087,0.004,0.166
W0858,I001,position_session_001,8570,8580,prone,0.314,-9.74,0.129,0.061,0.174
W0859,I001,position_session_001,8580,8590,prone,0.369,-40.0,0.153,-0.093,0.175
W0860,I001,position_session_001,8590,8600,prone,0.349,-10.5,0.081,-0.054,0.139
W0861,I001,position_session_001,8600,8610,prone,0.158,-11.2,0.142,-0.061,0.139
W0862,I001,position_session_001,8610,8620,prone,0.064,-14.83,0.118,-0.086,0.245
W0863,I001,position_session_001,8620,8630,prone,0.183,-11.97,0.082,-0.105,0.055
W0864,I001,position_session_001,8630,8640,prone,0.254,0.43,0.083,-0.015,0.134
W0865,I001,position_session_001,8640,8650,supine,0.066,19.58,0.067,0.102,0.091
W0866,I001,position_session_001,8650,8660,supine,0.163,16.06,0.091,0.029,0.077
W0867,I001,position_session_001,8660,8670,supine,0.352,1.67,0.074,0.104,0.106
W0868,I001,position_session_001,8670,8680,supine,0.253,5.89,0.129,0.036,0.108
W0869,I001,position_session_001,8680,8690,supine,0.23,-2.71,0.073,0.003,0.127
W0870,I001,position_session_001,8690,8700,supine,0.108,-8.53,0.105,0.12,0.049
W0871,I001,position_session_001,8700,8710,supine,0.254,-3.93,0.083,-0.031,0.112
W0872,I001,position_session_001,8710,8720,supine,0.08,14.67,0.073,-0.066,0.078
W0873,I001,position_session_001,8720,8730,supine,0.231,18.2,0.102,0.028,0.133
W0874,I001,position_session_001,8730,8740,supine,0.231,15.33,0.089,0.086,0.169
W0875,I001,position_session_001,8740,8750,supine,0.175,0.57,0.127,0.034,0.058
W0876,I001,position_session_001,8750,8760,supine,0.297,-0.21,0.002,-0.002,0.0
W0877,I001,position_session_001,8760,8770,supine,0.146,8.44,0.064,0.179,0.059
W0878,I001,position_session_001,8770,8780,supine,0.132,-1.52,0.184,0.125,0.102
W0879,I001,position_session_001,8780,8790,supine,0.183,3.84,0.181,0.069,0.124
W0880,I001,position_session_001,8790,8800,supine,0.13,0.66,0.055,0.038,0.102
W0881,I001,position_session_001,8800,8810,supine,0.081,-11.6,0.057,0.095,0.12
W0882,I001,position_session_001,8810,8820,supine,0.223,-15.82,0.029,0.039,0.095
W0883,I001,position_session_001,8820,8830,supine,0.197,16.46,0.035,-0.039,0.061
W0884,I001,position_session_001,8830,8840,supine,0.189,-9.3,0.082,-0.001,0.063
W0885,I001,position_session_001,8840,8850,supine,0.138,-11.62,0.141,0.131,0.082
W0886,I001,position_session_001,8850,8860,supine,0.249,-5.19,0.104,0.18,0.066
W0887,I001,position_session_001,8860,8870,supine,0.115,8.56,0.046,-0.003,0.054
W0888,I001,position_session_001,8870,8880,supine,0.075,0.7,0.1,0.253,0.09
W0889,I001,position_session_001,8880,8890,supine,0.165,11.7,0.087,0.068,0.168
W0890,I001,position_session_001,8890,8900,supine,0.176,7.67,0.09,0.069,0.088
W0891,I001,position_session_001,8900,8910,supine,0.206,10.96,0.048,0.049,0.123
W0892,I001,position_session_001,8910,8920,supine,0.246,5.54,0.12,0.029,0.13
W0893,I001,position_session_001,8920,8930,supine,0.16,16.41,0.079,0.063,0.046
W0894,I001,position_session_001,8930,8940,supine,0.243,2.93,0.145,-0.028,0.102
W0895,I001,position_session_001,8940,8950,supine,0.23,-1.41,0.057,0.161,0.066
W0896,I001,position_session_001,8950,8960,supine,0.179,1.59,0.134,0.098,0.156
W0897,I001,position_session_001,8960,8970,supine,0.128,13.76,0.09,-0.035,0.08
W0898,I001,position_session_001,8970,8980,supine,0.223,-3.02,0.128,0.051,0.066
W0899,I001,position_session_001,8980,8990,supine,0.22,1.49,0.055,-0.007,0.093
W0900,I001,position_session_001,8990,9000,supine,0.347,-1.74,0.129,0.089,0.125
W0901,I001,position_session_001,9000,9010,supine,0.194,4.5,0.035,0.161,0.124
W0902,I001,position_session_001,9010,9020,supine,0.0,-12.47,0.123,0.032,0.067
W0903,I001,position_session_001,9020,9030,supine,0.199,-10.88,0.079,0.096,0.19
W0904,I001,position_session_001,9030,9040,supine,0.371,11.08,0.089,-0.012,0.172
W0905,I001,position_session_001,9040,9050,supine,0.349,8.85,0.093,0.028,0.118
W0906,I001,position_session_001,9050,9060,supine,0.203,-3.5,0.046,-0.009,0.175
W0907,I001,position_session_001,9060,9070,supine,0.197,-0.84,0.119,-0.064,0.085
W0908,I001,position_session_001,9070,9080,supine,0.073,7.25,0.148,0.055,0.071
W0909,I001,position_session_001,9080,9090,supine,0.11,8.06,0.094,0.108,0.104
W0910,I001,position_session_001,9090,9100,supine,0.091,-6.98,0.087,0.067,0.107
W0911,I001,position_session_001,9100,9110,supine,0.2,-0.14,0.024,0.098,0.042
W0912,I001,position_session_001,9110,9120,supine,0.133,1.59,0.111,0.052,0.094
W0913,I001,position_session_001,9120,9130,held,0.72,69.27,0.28,0.515,0.176
W0914,I001,position_session_001,9130,9140,held,0.907,80.35,0.373,0.526,0.323
W0915,I001,position_session_001,9140,9150,held,0.747,61.82,0.308,0.287,0.314
W0916,I001,position_session_001,9150,9160,held,0.724,90.12,0.426,0.449,0.147
W0917,I001,position_session_001,9160,9170,held,0.811,69.42,0.326,0.636,0.262
W0918,I001,position_session_001,9170,9180,held,0.684,63.1,0.27,0.536,0.282
W0919,I001,position_session_001,9180,9190,held,0.68,85.04,0.428,0.309,0.177
W0920,I001,position_session_001,9190,9200,held,0.62,78.25,0.228,0.33,0.252
W0921,I001,position_session_001,9200,9210,held,0.712,107.57,0.155,0.275,0.337
W0922,I001,position_session_001,9210,9220,held,0.591,66.32,0.204,0.654,0.275
W0923,I001,position_session_001,9220,9230,held,0.84,68.55,0.376,0.432,0.302
W0924,I001,position_session_001,9230,9240,held,0.665,35.31,0.479,0.471,0.186
W0925,I001,position_session_001,9240,9250,held,0.57,55.2,0.227,0.481,0.329
W0926,I001,position_session_001,9250,9260,held,0.891,61.38,0.237,0.503,0.378
W0927,I001,position_session_001,9260,9270,held,0.708,52.61,0.254,0.235,0.211
W0928,I001,position_session_001,9270,9280,sitting,0.366,70.13,0.204,0.858,0.204
W0929,I001,position_session_001,9280,9290,sitting,0.444,82.5,0.12,0.725,0.182
W0930,I001,position_session_001,9290,9300,sitting,0.433,91.96,0.222,0.829,0.145
W0931,I001,position_session_001,9300,9310,sitting,0.457,73.3,0.225,0.739,0.285
W0932,I001,position_session_001,9310,9320,sitting,0.516,84.17,0.214,0.775,0.232
W0933,I001,position_session_001,9320,9330,sitting,0.217,115.0,0.193,0.786,0.137
W0934,I001,position_session_001,9330,9340,sitting,0.457,89.99,0.156,0.758,0.248
W0935,I001,position_session_001,9340,9350,sitting,0.441,104.08,0.07,0.767,0.312
W0936,I001,position_session_001,9350,9360,sitting,0.381,90.22,0.247,0.796,0.143
W0937,I001,position_session_001,9360,9370,sitting,0.353,113.8,0.272,0.825,0.19
W0938,I001,position_session_001,9370,9380,sitting,0.338,84.29,0.206,0.713,0.171
W0939,I001,position_session_001,9380,9390,sitting,0.275,77.56,0.309,0.818,0.164
W0940,I001,position_session_001,9390,9400,sitting,0.41,78.24,0.182,0.858,0.23
W0941,I001,position_session_001,9400,9410,sitting,0.317,87.26,0.15,1.009,0.202
W0942,I001,position_session_001,9410,9420,sitting,0.394,103.61,0.235,0.701,0.193
W0943,I001,position_session_001,9420,9430,held,0.77,52.95,0.365,0.301,0.257
W0944,I001,position_session_001,9430,9440,held,0.668,54.65,0.304,0.681,0.242
W0945,I001,position_session_001,9440,9450,held,0.613,63.22,0.399,0.104,0.15
W0946,I001,position_session_001,9450,9460,held,0.762,62.74,0.262,0.398,0.146
W0947,I001,position_session_001,9460,9470,held,0.7,90.94,0.366,0.422,0.205
W0948,I001,position_session_001,9470,9480,held,0.547,54.61,0.255,0.573,0.282
W0949,I001,position_session_001,9480,9490,held,0.692,80.95,0.326,0.429,0.346
W0950,I001,position_session_001,9490,9500,held,0.724,67.5,0.369,0.48,0.251
W0951,I001,position_session_001,9500,9510,held,0.868,85.8,0.477,0.516,0.281
W0952,I001,position_session_001,9510,9520,held,0.786,37.68,0.321,0.493,0.221
W0953,I001,position_session_001,9520,9530,held,0.849,41.92,0.383,0.501,0.277
W0954,I001,position_session_001,9530,9540,held,0.579,52.66,0.294,0.697,0.212
W0955,I001,position_session_001,9540,9550,held,0.735,61.62,0.205,0.443,0.346
W0956,I001,position_session_001,9550,9560,held,0.637,101.71,0.368,0.419,0.356
W0957,I001,position_session_001,9560,9570,held,0.939,74.22,0.355,0.358,0.203
W0958,I001,position_session_001,9570,9580,held,0.591,84.6,0.438,0.605,0.175
W0959,I001,position_session_001,9580,9590,held,0.676,52.31,0.173,0.407,0.214
W0960,I001,position_session_001,9590,9600,held,0.721,69.75,0.233,0.659,0.276
W0961,I001,position_session_001,9600,9610,held,0.666,64.23,0.442,0.395,0.193
W0962,I001,position_session_001,9610,9620,held,0.641,51.47,0.38,0.614,0.239
W0963,I001,position_session_001,9620,9630,held,0.788,79.53,0.231,0.47,0.258
W0964,I001,position_session_001,9630,9640,held,0.483,81.86,0.378,0.391,0.25
W0965,I001,position_session_001,9640,9650,held,0.698,59.26,0.387,0.632,0.29
W0966,I001,position_session_001,9650,9660,held,0.919,76.85,0.317,0.386,0.274
W0967,I001,position_session_001,9660,9670,supine,0.193,4.77,0.134,-0.097,0.137
W0968,I001,position_session_001,9670,9680,supine,0.196,-12.89,0.116,0.102,0.118
W0969,I001,position_session_001,9680,9690,supine,0.219,7.54,0.121,0.124,0.088
W0970,I001,position_session_001,9690,9700,supine,0.163,3.48,0.152,-0.076,0.127
W0971,I001,position_session_001,9700,9710,supine,0.223,-0.51,0.13,0.096,0.072
W0972,I001,position_session_001,9710,9720,supine,0.179,13.67,0.035,-0.018,0.135
W0973,I001,position_session_001,9720,9730,supine,0.064,-4.82,0.012,-0.024,0.099
W0974,I001,position_session_001,9730,9740,supine,0.216,-4.93,0.099,0.032,0.076
W0975,I001,position_session_001,9740,9750,supine,0.209,4.52,0.094,0.16,0.089
W0976,I001,position_session_001,9750,9760,supine,0.082,21.65,0.041,-0.057,0.137
W0977,I001,position_session_001,9760,9770,held,0.809,49.16,0.352,0.244,0.335
W0978,I001,position_session_001,9770,9780,held,0.645,54.76,0.338,0.585,0.319
W0979,I001,position_session_001,9780,9790,sitting,0.279,62.3,0.248,0.745,0.199
W0980,I001,position_session_001,9790,9800,sitting,0.499,72.01,0.249,1.069,0.198
W0981,I001,position_session_001,9800,9810,sitting,0.454,73.08,0.194,0.735,0.126
W0982,I001,position_session_001,9810,9820,sitting,0.36,97.48,0.143,0.723,0.193
W0983,I001,position_session_001,9820,9830,sitting,0.513,80.29,0.299,0.75,0.156
W0984,I001,position_session_001,9830,9840,sitting,0.516,84.22,0.303,1.027,0.196
W0985,I001,position_session_001,9840,9850,sitting,0.285,62.36,0.094,0.903,0.147
W0986,I001,position_session_001,9850,9860,sitting,0.541,107.48,0.187,0.98,0.189
W0987,I001,position_session_001,9860,9870,sitting,0.316,72.48,0.148,0.922,0.139
W0988,I001,position_session_001,9870,9880,sitting,0.352,108.51,0.11,0.739,0.229
W0989,I001,position_session_001,9880,9890,sitting,0.523,88.94,0.323,0.747,0.282
W0990,I001,position_session_001,9890,9900,sitting,0.495,69.44,0.193,0.739,0.181
W0991,I001,position_session_001,9900,9910,sitting,0.453,98.76,0.105,0.902,0.195
W0992,I001,position_session_001,9910,9920,sitting,0.429,70.22,0.075,0.705,0.185
W0993,I001,position_session_001,9920,9930,sitting,0.636,76.11,0.152,0.609,0.058
W0994,I001,position_session_001,9930,9940,sitting,0.359,63.02,0.161,0.6,0.197
W0995,I001,position_session_001,9940,9950,sitting,0.435,86.03,0.264,0.716,0.218
W0996,I001,position_session_001,9950,9960,sitting,0.361,101.37,0.23,0.673,0.234
W0997,I001,position_session_001,9960,9970,sitting,0.348,77.35,0.116,0.76,0.133
W0998,I001,position_session_001,9970,9980,sitting,0.46,66.11,0.23,0.769,0.108
W0999,I001,position_session_001,9980,9990,sitting,0.54,101.3,0.147,0.745,0.22
W1000,I001,position_session_001,9990,10000,sitting,0.461,108.15,0.207,0.729,0.114
W1001,I001,position_session_001,10000,10010,sitting,0.375,84.21,0.24,0.889,0.16
W1002,I001,position_session_001,10010,10020,sitting,0.433,73.87,0.279,0.727,0.151
W1003,I001,position_session_001,10020,10030,sitting,0.378,81.84,0.252,0.549,0.154
W1004,I001,position_session_001,10030,10040,sitting,0.473,84.07,0.258,0.824,0.186
W1005,I001,position_session_001,10040,10050,sitting,0.399,93.05,0.222,0.894,0.203
W1006,I001,position_session_001,10050,10060,sitting,0.523,68.15,0.181,0.785,0.176
W1007,I001,position_session_001,10060,10070,sitting,0.569,83.23,0.287,0.85,0.135
W1008,I001,position_session_001,10070,10080,sitting,0.39,96.44,0.271,0.762,0.168
W1009,I001,position_session_001,10080,10090,sitting,0.472,81.42,0.078,0.777,0.143
W1010,I001,position_session_001,10090,10100,sitting,0.383,88.52,0.169,0.938,0.224
W1011,I001,position_session_001,10100,10110,sitting,0.272,77.12,0.219,0.855,0.157
W1012,I001,position_session_001,10110,10120,sitting,0.454,84.5,0.225,0.866,0.205
W1013,I001,position_session_001,10120,10130,sitting,0.428,70.95,0.103,0.767,0.178
W1014,I001,position_session_001,10130,10140,sitting,0.316,88.39,0.171,0.73,0.219
W1015,I001,position_session_001,10140,10150,sitting,0.445,91.51,0.123,0.812,0.211
W1016,I001,position_session_001,10150,10160,sitting,0.463,83.97,0.192,0.876,0.198
W1017,I001,position_session_001,10160,10170,sitting,0.311,85.28,0.211,0.977,0.185
W1018,I001,position_session_001,10170,10180,sitting,0.405,96.23,0.061,0.836,0.134
W1019,I001,position_session_001,10180,10190,sitting,0.372,68.18,0.201,0.839,0.187
W1020,I001,position_session_001,10190,10200,sitting,0.417,71.93,0.349,0.856,0.237
W1021,I001,position_session_001,10200,10210,sitting,0.49,82.05,0.205,0.811,0.201
W1022,I001,position_session_001,10210,10220,sitting,0.502,92.34,0.282,0.581,0.287
W1023,I001,position_session_001,10220,10230,sitting,0.449,94.13,0.294,0.731,0.219
W1024,I001,position_session_001,10230,10240,sitting,0.39,81.24,0.128,0.784,0.17
W1025,I001,position_session_001,10240,10250,sitting,0.41,109.24,0.102,0.749,0.22
W1026,I001,position_session_001,10250,10260,sitting,0.374,106.51,0.185,0.815,0.131
W1027,I001,position_session_001,10260,10270,sitting,0.523,71.44,0.177,0.811,0.184
W1028,I001,position_session_001,10270,10280,sitting,0.305,83.04,0.217,0.732,0.204
W1029,I001,position_session_001,10280,10290,sitting,0.39,68.38,0.201,0.848,0.226
W1030,I001,position_session_001,10290,10300,sitting,0.442,92.35,0.196,0.63,0.164
W1031,I001,position_session_001,10300,10310,sitting,0.404,90.93,0.211,0.621,0.146
W1032,I001,position_session_001,10310,10320,sitting,0.387,100.84,0.126,0.934,0.105
W1033,I001,position_session_001,10320,10330,sitting,0.462,83.22,0.293,0.925,0.129
W1034,I001,position_session_001,10330,10340,sitting,0.253,106.57,0.108,0.886,0.18
W1035,I001,position_session_001,10340,10350,sitting,0.334,93.61,0.247,0.769,0.095
W1036,I001,position_session_001,10350,10360,sitting,0.429,81.97,0.212,0.866,0.133
W1037,I001,position_session_001,10360,10370,sitting,0.351,73.97,0.208,0.849,0.204
W1038,I001,position_session_001,10370,10380,sitting,0.548,98.84,0.216,0.756,0.126
W1039,I001,position_session_001,10380,10390,prone,0.17,-5.65,0.125,-0.085,0.207
W1040,I001,position_session_001,10390,10400,prone,0.283,5.47,0.103,-0.159,0.19
W1041,I001,position_session_001,10400,10410,prone,0.121,-2.41,0.031,-0.044,0.205
W1042,I001,position_session_001,10410,10420,prone,0.161,10.32,0.174,-0.065,0.202
W1043,I001,position_session_001,10420,10430,prone,0.197,-2.56,0.164,-0.032,0.208
W1044,I001,position_session_001,10430,10440,prone,0.329,-17.49,0.008,-0.011,0.175
W1045,I001,position_session_001,10440,10450,prone,0.287,-7.86,0.11,-0.019,0.097
W1046,I001,position_session_001,10450,10460,prone,0.259,13.76,0.148,-0.183,0.194
W1047,I001,position_session_001,10460,10470,supine,0.047,-5.74,0.066,-0.002,0.105
W1048,I001,position_session_001,10470,10480,supine,0.199,-5.36,0.121,-0.068,0.092
W1049,I001,position_session_001,10480,10490,supine,0.101,0.56,0.19,0.06,0.14
W1050,I001,position_session_001,10490,10500,supine,0.232,4.64,0.137,0.182,0.044
W1051,I001,position_session_001,10500,10510,held,0.62,70.79,0.388,0.437,0.284
W1052,I001,position_session_001,10510,10520,held,0.873,60.0,0.265,0.522,0.492
W1053,I001,position_session_001,10520,10530,held,0.655,48.67,0.289,0.252,0.307
W1054,I001,position_session_001,10530,10540,held,0.754,63.26,0.269,0.537,0.258
W1055,I001,position_session_001,10540,10550,held,0.73,85.13,0.453,0.439,0.353
W1056,I001,position_session_001,10550,10560,held,0.768,46.55,0.342,0.272,0.233
W1057,I001,position_session_001,10560,10570,held,0.819,53.35,0.331,0.571,0.186
W1058,I001,position_session_001,10570,10580,held,0.922,75.42,0.419,0.414,0.202
W1059,I001,position_session_001,10580,10590,held,0.625,55.35,0.282,0.438,0.19
W1060,I001,position_session_001,10590,10600,held,0.878,92.74,0.167,0.303,0.293
W1061,I001,position_session_001,10600,10610,held,0.748,38.45,0.342,0.382,0.285
W1062,I001,position_session_001,10610,10620,held,0.746,51.77,0.353,0.415,0.188
W1063,I001,position_session_001,10620,10630,sitting,0.476,96.82,0.171,0.83,0.152
W1064,I001,position_session_001,10630,10640,sitting,0.408,95.91,0.193,0.778,0.126
W1065,I001,position_session_001,10640,10650,sitting,0.326,86.48,0.217,0.712,0.178
W1066,I001,position_session_001,10650,10660,sitting,0.389,71.13,0.17,0.81,0.088
W1067,I001,position_session_001,10660,10670,sitting,0.554,82.17,0.074,0.838,0.204
W1068,I001,position_session_001,10670,10680,sitting,0.364,73.83,0.155,0.742,0.106
W1069,I001,position_session_001,10680,10690,sitting,0.339,82.84,0.2,0.743,0.117
W1070,I001,position_session_001,10690,10700,sitting,0.371,63.31,0.318,0.658,0.239
W1071,I001,position_session_001,10700,10710,sitting,0.601,68.52,0.133,0.684,0.245
W1072,I001,position_session_001,10710,10720,prone,0.079,-1.11,0.264,-0.082,0.2
W1073,I001,position_session_001,10720,10730,prone,0.183,-5.58,0.093,-0.081,0.218
W1074,I001,position_session_001,10730,10740,prone,0.16,12.25,0.112,0.003,0.131
W1075,I001,position_session_001,10740,10750,prone,0.211,-11.42,0.147,-0.054,0.197
W1076,I001,position_session_001,10750,10760,prone,0.313,-3.74,0.166,0.008,0.132
W1077,I001,position_session_001,10760,10770,prone,0.305,-12.15,0.134,-0.153,0.093
W1078,I001,position_session_001,10770,10780,prone,0.454,-31.23,0.104,-0.074,0.187
W1079,I001,position_session_001,10780,10790,prone,0.179,-4.55,0.007,-0.138,0.181
W1080,I001,position_session_001,10790,10800,prone,0.309,-16.84,0.225,-0.048,0.114
